record_id,name,vn_name,category,hq_province_current,plant_location,founded,ownership_country,stage,products,key_protein_inputs,scale_indicators,funding_known,website,status,source_ids,evidence_label,confidence,notes,origin,last_verified,change_log,province_current,province_former
CO-001,Emmay (Emmay and Colleagues JSC),Emmay,mushroom/mycelium,Ho Chi Minh City,"HCMC (Hanh Thong ward, former Go Vap); warehouse in Singapore",2017 (informal from c.2010),Vietnam,startup,"Mushroom-based pork floss (cha bong), pate, banh mi fillings, spring rolls, snacks, sauces; 30+ SKUs (2023)",Shiitake mushroom and mycelium (solid and liquid fermentation claimed); few additives (3-5 vs 15-23 claimed for rivals),"Sales 1.5 t/month rising to about 2 t/month (2023, company-reported); revenue +20% in 2023; exports about 10% of revenue to UK, Australia, India, Netherlands from Q3 2023; claim '1,000 t in 14 days' is a capacity claim not output","None disclosed; ADB #SheExports accelerator (We-Fi funded, WISE implemented) 2023; Cherie Blair Foundation HerVenture",,active as of 2024 (last evidence); checked 2026-09-23,ECO-12; ECO-13; ECO-14,VN-direct,Medium,Founder/CEO Van Pham. Only VN startup found claiming mycelium technology. All figures are company-reported via donor case studies.,wave 1 ECOSYSTEM,"2026-09-23 (wave 1, ECOSYSTEM; wave 2 re-check not completed)","[wave 2 VERIFY-CO] Not re-verified in wave 2 (site unavailable, DNS failure or not reached).",Ho Chi Minh City,Ho Chi Minh City
CO-002,NutriGreen Food JSC,Cong ty CP Thuc pham NutriGreen,plant-based meat,Ho Chi Minh City,"HCMC (office 781/C2 Le Hong Phong, former District 10); plant not stated",unknown,Vietnam,SME,Plant-based meat substitutes,"Non-GMO soy, rice, coconut ('100% plant protein from 4 sources'), beet colouring",No scale data found,None found,nutrigreenfood.com.vn (did not resolve on 2026-09-23),unknown (checked 2026-09-23; website did not resolve),ECO-25,VN-direct,Low,Listed in a Top-5 vegetarian manufacturer list; website unreachable at check date.,wave 1 ECOSYSTEM,"2026-09-23 (wave 1, ECOSYSTEM)",,Ho Chi Minh City,Ho Chi Minh City
CO-003,Cay De Food Company (VMEAT brand),Cong ty Thuc pham Cay De / VMEAT,plant-based meat,Ho Chi Minh City (assumed),unknown,2018 (VMEAT R&D start),Vietnam,startup,"Burger patties (VND 445,000/kg), ground meat (VND 297,000/kg), cha lua (VND 220,000/kg), ham (VND 164,000/kg) (2022 prices)",Not stated (soy likely; unverified),VND 3 bn invested (2018-2022); target VND 60 bn/yr sales in 4-5 years; 'market research phase' in 2022,Founders' own capital (VND 3 bn),,unknown after 2022 (checked 2026-09-23),ECO-17; ECO-19,VN-direct,Low,Co-founder Le Huy. Priced at about 1/4 of imports (claimed). No post-2022 evidence found.,wave 1 ECOSYSTEM,"2026-09-23 (wave 1, ECOSYSTEM)",,,
CO-004,Bien Phuong,Bien Phuong,plant-based seafood,unknown,unknown,2020 (market entry mid-2020),Vietnam,startup,Plant-based versions of seafood products,Not stated,No data,None found,,unknown after 2022 (checked 2026-09-23),ECO-17; ECO-19,VN-direct,Low,Director Le Thi Phuong Thao; entered during COVID-19.,wave 1 ECOSYSTEM,"2026-09-23 (wave 1, ECOSYSTEM)",,,
CO-005,Vinamit JSC (jackfruit plant protein),Vinamit,plant-based meat,Ho Chi Minh City (HQ; not verified this wave),Binh Duong/HCMC area (not verified),unknown,Vietnam,corporate,Young-jackfruit 'vegan meat' for export (dried fruit is core business),Young jackfruit (low protein; a texturiser not a protein source),No volume found,None found,vinamit.vn (timed out),active corporate; jackfruit line status unknown (checked 2026-09-23),ECO-17; ECO-18; ECO-19,VN-direct,Low,"CEO Nguyen Lam Vien quoted as advocate. Jackfruit meat is low-protein; count as meat analogue, not protein supply.",wave 1 ECOSYSTEM,"2026-09-23 (wave 1, ECOSYSTEM; wave 2 re-check not completed)","[wave 2 VERIFY-CO] Not re-verified in wave 2 (site unavailable, DNS failure or not reached).",,
CO-006,Is It Meat?,Is It Meat?,plant-based meat,Ho Chi Minh City,HCMC (kitchen scale),2020,Vietnam (expat-founded),startup,"Nuggets, sausages, schnitzels, sausage rolls sold to HCMC restaurants",Not stated,"Foodservice only (Brick & Barrel, Zeroism, Kebaby)",None found,,unknown (checked 2026-09-23),ECO-15,VN-direct,Low,Founder Jessica Marber (per 2022 blog). Single blog source.,wave 1 ECOSYSTEM,"2026-09-23 (wave 1, ECOSYSTEM)",,Ho Chi Minh City,
CO-007,Yukino Foods,Yukino Foods,plant-based meat,Ho Chi Minh City,HCMC shop (Thao Dien),2016 in VN (claimed),Japan-linked (claimed),SME,"Gyoza, falafel, burgers, curry, tacos",Not stated,One shop plus online (2022),None found,yukinofoods.com (unreachable),unknown (checked 2026-09-23),ECO-15,VN-direct,Low,Blog claims 'first plant-based meat brand in Vietnam' and 'founded 1946'; both unverified and internally odd.,wave 1 ECOSYSTEM,"2026-09-23 (wave 1, ECOSYSTEM)",,Ho Chi Minh City,Ho Chi Minh City
CO-008,Beyond Meat,Beyond Meat,plant-based meat,n/a (USA),USA/EU plants; imported,2009,USA,multinational,"Beyond Burger, sausages, ground, meatballs",Pea protein,"First VN appearance Aug 2019 via BiaCraft (3 HCMC venues); later gourmet retail and e-commerce (Annam Gourmet, Nam An, Organicfood, Shopee, Lazada); retail VND 1.2-1.8 m/kg (2022)",n/a,beyondmeat.com; facebook.com/beyondmeatviet,present in VN via importers as of 2022; current availability unverified (checked 2026-09-23),ECO-15; ECO-16; ECO-17; ECO-19,VN-direct,Medium,No official exclusive VN distributor identified.,wave 1 ECOSYSTEM,"2026-09-23 (wave 1, ECOSYSTEM; wave 2 re-check not completed)","[wave 2 VERIFY-CO] Not re-verified in wave 2 (site unavailable, DNS failure or not reached).",,
CO-009,"OmniFoods (OmniPork, Omni Luncheon)",OmniFoods,plant-based meat,n/a (Hong Kong),Imported (Thailand/China co-manufacture; not verified),2018,Hong Kong (Green Monday Group),multinational,"OmniPork mince, luncheon meat, strips","Soy, pea, rice, shiitake","Starbucks Vietnam limited menu (meatball sandwich, luncheon bake) summer 2023; gourmet retail (Annam Gourmet, Nam An) 2022",n/a,omnifoods.co (did not resolve 2026-09-23),unknown in 2026; last VN evidence 2023 (checked 2026-09-23),ECO-15; ECO-20; ECO-21,VN-direct,Medium,2019 Asian expansion plan did not include Vietnam. Brand website unreachable at check date (not proof of exit).,wave 1 ECOSYSTEM,"2026-09-23 (wave 1, ECOSYSTEM; wave 2 re-check not completed)","[wave 2 VERIFY-CO] Not re-verified in wave 2 (site unavailable, DNS failure or not reached).",,
CO-010,Heura Foods,Heura,plant-based meat,n/a (Spain),Imported,2017,Spain,startup (scale-up),"Chicken strips, burgers, sausages",Soy protein (blog also says mycelium; unverified),Gourmet retail and e-commerce (2022),n/a,,unknown in 2026 (checked 2026-09-23),ECO-15,VN-direct,Low,Single blog source for VN presence.,wave 1 ECOSYSTEM,"2026-09-23 (wave 1, ECOSYSTEM)",,,
CO-011,Next Meats,Next Meats,plant-based meat,n/a (Japan),Imported,2020,Japan,startup,"Plant-based yakiniku, gyudon, karubi",Soy protein,"Sold by Classic Food Deli (Classic Fine Foods VN) at VND 52,000 per 80 g (2022)",n/a,,unknown in 2026 (checked 2026-09-23),ECO-15,VN-direct,Low,Single blog source.,wave 1 ECOSYSTEM,"2026-09-23 (wave 1, ECOSYSTEM)",,,
CO-012,CK Foods (Taiwan),CK Foods,plant-based meat,n/a (Taiwan),Imported,unknown,Taiwan,SME,150+ Buddhist-style vegetarian products,"Soy, gluten (typical; not verified)","AEON Citimart, K-Market, Mekong Gourmet, Nam An (2022)",n/a,,unknown in 2026 (checked 2026-09-23),ECO-15,VN-direct,Low,Illustrates Taiwanese 'su' vegetarian imports competing with VN do chay.,wave 1 ECOSYSTEM,"2026-09-23 (wave 1, ECOSYSTEM)",,,
CO-013,Verdino Green Foods,Verdino,plant-based meat,n/a (Romania),Imported,unknown,Romania,SME,"Sausage, burger, chicken, mince",Not stated,"AEON Citimart, K-Market, Mekong Gourmet, Nam An (2022)",n/a,,unknown in 2026 (checked 2026-09-23),ECO-15; ECO-19,VN-direct,Low,Probably the Romanian brand imported by Bewina (my inference from Bewina listed as 'Romania' products).,wave 1 ECOSYSTEM,"2026-09-23 (wave 1, ECOSYSTEM)",,,
CO-014,Ong Cha Va (canned 'Plant Based' soy luncheon meat),Ong Cha Va,plant-based meat,n/a (China),Made in China; imported,unknown,China,unknown,"Canned soy luncheon meat, smoky/original, 200 g at about VND 70,000","Soy protein (dam nanh) main ingredient group 91.5% with water, oil, salt",On Co.opmart Nha Trang shelf 6 Sep 2026,n/a,,on shelf 2026-09-06,ECO-40,VN-direct,Medium,"Field observation; origin from OSINT in field notes. About 3.3x the price per 100 g of Vissan canned chay beef (VND 35,000 vs VND 10,529 per 100 g).",wave 1 ECOSYSTEM,"2026-09-23 (wave 1, ECOSYSTEM)",,,
CO-015,NOSA (canned soy vegetarian meat),NOSA,plant-based meat,n/a (China),Made in China; imported,unknown,China,unknown,"Canned soy vegetarian beef/luncheon, 185 g at VND 57,000","Water, soybeans 17%, soy protein 2.5%, oil, modified starch",On Co.opmart Nha Trang shelf 6 Sep 2026,n/a,,on shelf 2026-09-06,ECO-40,VN-direct,Medium,Field observation. Very low declared soy protein content (2.5%).,wave 1 ECOSYSTEM,"2026-09-23 (wave 1, ECOSYSTEM)",,,
CO-016,Impossible Foods,Impossible Foods,plant-based meat,n/a (USA),n/a,2011,USA,multinational,Impossible Burger,"Soy protein, leghemoglobin (precision fermentation)",No evidence of VN launch found,n/a,,no VN presence found (checked 2026-09-23),ECO-15,VN-direct,Low,"Absence of evidence only; Asian launches found were HK, Singapore, Macau (not re-verified this wave).",wave 1 ECOSYSTEM,"2026-09-23 (wave 1, ECOSYSTEM)",,,
CO-017,Zhenmeat,Zhenmeat,plant-based meat,n/a (China),n/a,2019,China,startup,Plant-based meat,Soy/pea (typical),No VN evidence found,n/a,,unverified for VN (checked 2026-09-23),,general,Low,Named in brief; could not verify any VN presence (web search budget exhausted).,wave 1 ECOSYSTEM,"2026-09-23 (wave 1, ECOSYSTEM)",,,
CO-018,Unconventional (brand named in brief),Unconventional,plant-based meat,unknown,n/a,unknown,unknown,unknown,unknown,unknown,No VN evidence found,n/a,,unverified for VN (checked 2026-09-23),,general,Low,Could not identify brand owner or VN presence.,wave 1 ECOSYSTEM,"2026-09-23 (wave 1, ECOSYSTEM)",,,
CO-019,INNOHAS,INNOHAS,plant-based meat,n/a (South Korea),Korea; VN production/distribution planned,unknown,South Korea,startup,Plant-based meat alternatives,Not stated,Plans products tailored to VN/SE Asia with local production and distribution (2024 statement),"Investment by VinaCapital Ventures, amount undisclosed (Jul 2024)",,"no evidence of VN launch yet (checked 2026-09-23) | Company website (Korean) has no mention of Vietnam, VinaCapital or a Vietnamese partner (checked 23 Sep 2026)",ECO-65; VCO-31,VN-direct,Low,Only VN-VC alt-protein deal found.,wave 1 ECOSYSTEM,"2026-09-23 (wave 2, VERIFY-CO)","[wave 2 VERIFY-CO, VCO-31, Low] VN status: was ""No evidence of VN launch (2024 plan)""; wave 2: ""Company website (Korean) has no mention of Vietnam, VinaCapital or a Vietnamese partner (checked 23 Sep 2026)"" (appended to status). Supports 'no Vietnam launch yet'.",,
CO-020,SaladStop! Vietnam,SaladStop!,other,Ho Chi Minh City,Restaurants,unknown (Singapore 2013),Singapore,corporate,Plant-based patties in salad chain,Chickpea and other plant protein,HCMC outlets (2022),n/a,,unknown (checked 2026-09-23),ECO-15,VN-direct,Low,Foodservice channel only.,wave 1 ECOSYSTEM,"2026-09-23 (wave 1, ECOSYSTEM)",,Ho Chi Minh City,
CO-021,Bewina,Bewina,distributor,Ho Chi Minh City,"n/a (importer, Le Quang Dinh / District 7 per sources)",unknown,Vietnam,SME,"Imported plant-based kielbasa, bratwurst, mince",n/a,No data,None found,,unknown (checked 2026-09-23),ECO-17; ECO-19,VN-direct,Low,Sources conflict: founder Ho Thanh Nhien importing Taiwan/US brands (NCDT 2022) vs 'Romania' products (DNT 2022).,wave 1 ECOSYSTEM,"2026-09-23 (wave 1, ECOSYSTEM)",,Ho Chi Minh City,
CO-022,BiaCraft,BiaCraft,distributor,Ho Chi Minh City,3 HCMC venues (2019),unknown,Vietnam,SME,Craft beer bar chain; first to serve Beyond Burger in VN (Aug 2019),n/a,3 venues,n/a,,unknown (checked 2026-09-23),ECO-16,VN-direct,Medium,HoReCa entry point for imported plant-based meat.,wave 1 ECOSYSTEM,"2026-09-23 (wave 1, ECOSYSTEM)",,Ho Chi Minh City,
CO-023,Annam Gourmet,Annam Gourmet,distributor,Ho Chi Minh City,Retail stores,unknown,Vietnam,corporate,"Gourmet importer-retailer carrying Beyond, Omni, Heura, Dairy-Free Down Under (2022)",n/a,Multiple stores,n/a,,active retailer; alt-protein range 2026 unverified (checked 2026-09-23),ECO-15,VN-direct,Low,,wave 1 ECOSYSTEM,"2026-09-23 (wave 1, ECOSYSTEM)",,Ho Chi Minh City,
CO-024,Nam An Market,Nam An Market,distributor,Ho Chi Minh City,Retail stores,unknown,Vietnam,corporate,"Gourmet retailer carrying Beyond, Omni, Heura, CK Foods, Verdino; sells tempeh",n/a,Multiple stores,n/a,namanmarket.com,active retailer (checked 2026-09-23),ECO-15,VN-direct,Low,,wave 1 ECOSYSTEM,"2026-09-23 (wave 1, ECOSYSTEM)",,Ho Chi Minh City,
CO-025,Classic Fine Foods Vietnam (Classic Food Deli),Classic Fine Foods,distributor,Ho Chi Minh City,n/a,unknown,UK/Singapore group (Metro heritage; not verified),multinational,Foodservice importer; sold Next Meats (2022),n/a,n/a,n/a,,unknown for alt protein (checked 2026-09-23),ECO-15,VN-direct,Low,,wave 1 ECOSYSTEM,"2026-09-23 (wave 1, ECOSYSTEM)",,Ho Chi Minh City,
CO-026,Starbucks Vietnam,Starbucks Viet Nam,distributor,Ho Chi Minh City,Cafes,2013 in VN,USA brand (local licensee),multinational,"Ran OmniFoods plant-based meatball sandwich and luncheon bake, summer 2023",n/a,Limited-time menu,n/a,,promotion ended 2023 (assumed) (checked 2026-09-23),ECO-20,VN-direct,Medium,HoReCa trial channel.,wave 1 ECOSYSTEM,"2026-09-23 (wave 1, ECOSYSTEM)",,Ho Chi Minh City,
CO-027,Saigon Co.op (Coop Select private label),Saigon Co.op / Co.opmart,distributor,Ho Chi Minh City,"Co-manufactured: GN Foods JSC makes all five Co.op Select frozen chay dishes (Long Hau Extended Industrial Park, Tay Ninh (former Long An)); Thai Corp Inter.VN and Vi Nguyen make Co.op Select tofu (Co.op Online, verified 2026-09-25)",1989,Vietnam,corporate,"Private-label chay dumplings, buns, gyoza noodle meal","Mushroom, jicama, tofu, soy protein (gyoza meal)",Nationwide Co.opmart chain; one chay SKU labelled 4.2 g protein/100 g (prior lead),n/a,,on shelf 2026-09-06,ECO-40; CPC-15,VN-direct,Medium,Retailer private labels show chay is mainstream mass retail. Version 0.4 (W7-L4): the co-packer is verified on Co.op Online product pages; private label is a route for a protein upgrade through the co-packer.,wave 1 ECOSYSTEM,"2026-09-25 (v0.4, CPC-15)","[v0.4] plant_location: GN Foods verified as maker of all five Co.op Select frozen chay dishes (was ""GN Foods named in prior lead; unverified"").",Ho Chi Minh City,
CO-028,Lotte Mart Vietnam (Choice L private label),Lotte Mart,distributor,Ho Chi Minh City,Co-manufactured (maker not identified),2008 in VN,South Korea,multinational,"Private-label cha gio chay, ha cao chay",Not published,Nationwide hypermarkets; dedicated frozen 'Thuc pham chay' section in Nha Trang,n/a,,on shelf 2026-09-06,ECO-40,VN-direct,Medium,,wave 1 ECOSYSTEM,"2026-09-23 (wave 1, ECOSYSTEM)",,Ho Chi Minh City,
CO-029,"Au Lac Vegan Food Trade and Manufacture Co., Ltd",Cong ty TNHH SX KD Thuc pham chay Au Lac,traditional chay industrial,Ho Chi Minh City,"HCMC (32 Ta17A St, Thoi An ward, former District 12)",c.1990s ('30+ years'),Vietnam,SME,"Seven categories: spices, instant, sterilised, canned, frozen, dry, beverages","Not published (soy protein, gluten, tofu skin typical; unverified)","Exports to USA, Canada, Australia, Germany, UK (claimed)",None,aulac-vegan.com,active (checked 2026-09-23),ECO-25; ECO-26,VN-direct,Medium,"Certifications claimed: Halal, ISO 9001/22000, FSSC 22000, HACCP. No capacity data.",wave 1 ECOSYSTEM,"2026-09-23 (wave 1, ECOSYSTEM)",,Ho Chi Minh City,Ho Chi Minh City
CO-030,"An Nhien Foods (Pham Gia Phat Trading Import-Export Co., Ltd)",Thuc pham chay An Nhien / Cong ty TNHH TM XNK Pham Gia Phat,traditional chay industrial,Ho Chi Minh City,"HCMC (40/2/19 Tran Thi Do, Hiep Thanh, former District 12)",2014,Vietnam,SME,"TVP-based vegetarian pork/beef/chicken, ribs, ready meals, pickles, frozen meals","Soy (TVP), barley-based 'ribs', plant ingredients","Distributed in Saigon Co.op, Big C/GO!, Lotte, Aeon, Vinmart/WinMart, Shopee, Lazada, Tiki; exports to Korea, Europe, North America (claimed) | Confirmed: brand founded late 2014; company Cong ty TNHH TM XNK Pham Gia Phat (tax code 0312857463), 40/2/19 Tran Thi Do, Hiep Thanh ward (former District 12), HCMC; soy TVP and barley-based chay; Halal; exports to South Korea, Europe, North America (claimed); sold in Co.op, Big C (GO!), Lotte Mart, Aeon, WinMart, Bach Hoa Xanh and e-commerce",None found,annhienfood.com.vn,active (checked 2026-09-23),ECO-28; ECO-38; VCO-26,VN-direct,Medium,Field SKU brand 'P.G.P' (Lotte Nha Trang) may be Pham Gia Phat; unconfirmed.,wave 1 ECOSYSTEM,"2026-09-23 (wave 2, VERIFY-CO)","[wave 2 VERIFY-CO, VCO-26, Medium] founded / scale: was ""Founded 2014; TVP meats""; wave 2: ""Confirmed: brand founded late 2014; company Cong ty TNHH TM XNK Pham Gia Phat (tax code 0312857463), 40/2/19 Tran Thi Do, Hiep Thanh ward (former District 12), HCMC; soy TVP and barley-based chay; Halal; exports to South Korea, Europe, North America (claimed); sold in Co.op, Big C (GO!), Lotte Mart, Aeon, WinMart, Bach Hoa Xanh and e-commerce"" (appended to scale_indicators). Page also gives a 28 May 2019 date for the company (probably a re-registration). Factory location and capacity not disclosed.",Ho Chi Minh City,Ho Chi Minh City
CO-031,"Thoai An Trading Co., Ltd",Cong ty TNHH Thuong mai Thoai An,traditional chay industrial,Ho Chi Minh City,"HCMC (Lot 21-23 Road 8, Tan Tao Industrial Park)",2005,Vietnam,SME,"Yuba (tau hu ky) rolls, ring patties, chilli sausage, tofu-skin sausage, chay shrimp cake, chay seafood tofu","Tofu skin (tau hu ky), soy","Nationwide distribution claimed; on Co.opmart shelf (VND 41,800/400 g shrimp cake; VND 71,500/500 g seafood tofu)",None,thoaian.vn,active (checked 2026-09-23),ECO-27; ECO-40,VN-direct,Medium,HACCP. Specialises in chay seafood analogues.,wave 1 ECOSYSTEM,"2026-09-23 (wave 1, ECOSYSTEM)",,Ho Chi Minh City,Ho Chi Minh City
CO-032,Sai Gon Food JSC (SG Food),Cong ty CP Sai Gon Food,traditional chay industrial,Ho Chi Minh City,"HCMC (Vinh Loc Industrial Park, Lots C24-24B/II, C25/II)",c.2003 ('20+ years'),Vietnam,corporate,"Chay fried rice, chay Thai hotpot kit, frozen ready meals; supplies 7-Eleven VN fresh food (per field notes)","Chay hotpot: mock fish balls, mock beef slices, chay cha lua, fried tofu (50% of kit)","About 2,000 staff (field notes OSINT, unverified); exports to Japan",None found,sgfoods.com.vn,active (checked 2026-09-23),ECO-25; ECO-29; ECO-40,VN-direct,Medium,Japanese technology transfer claimed. Chay is a line within a general frozen-food maker.,wave 1 ECOSYSTEM,"2026-09-23 (wave 1, ECOSYSTEM)",,Ho Chi Minh City,Ho Chi Minh City
CO-033,VISSAN (Vietnam Livestock Technology JSC),Cong ty CP Viet Nam Ky nghe Suc san (VISSAN),traditional chay industrial,Ho Chi Minh City,HCMC (420 No Trang Long HQ; plants not listed),1970,Vietnam,corporate,"8 chay SKUs: ha cao chay, hoanh thanh chay (both launched 27 Aug 2026), cha gio chay, cha gio re chay, canned heo ham chay, ca-ri ga chay, ragu bo chay, bo nau dau chay","Cha gio chay: jicama, taro, carrot, mung bean, tau hu ky, mushrooms, soy protein; canned bo nau dau chay: 55% chay beef slices, white beans","Whole-company 2026 target 20,350 t processed food (all lines); chay volumes not disclosed | Adds: about 100 t of livestock and poultry per day to the domestic market (Vietstock profile); market cap VND 1,092 bn (23 Sep 2026)",n/a,vissan.com.vn; vissanmart.com,active (checked 2026-09-23),ECO-30; ECO-31; ECO-32; ECO-40; VCO-13; VCO-15,VN-direct,High,"Meat processor with a growing chay line; chay versions 17-38% cheaper than meat equivalents (field audit). Ownership (state/Vinamilk-linked) not confirmed this wave. | SATRA (Saigon Trading Group) 54,829,878 shares (67.8% of 80,914,300; data updated 3 Aug 2020); Masan MEATLife 20,180,026 shares (24.9%; updated 7 Dec 2021). UPCoM: VSN since 21 Oct 2016. Charter capital VND 809.05 bn after reduction on 28 May 2024",wave 1 ECOSYSTEM,"2026-09-23 (wave 2, VERIFY-CO)","[wave 2 VERIFY-CO, VCO-13, Medium] ownership: was ""State-linked; SATRA major shareholder (not verified)""; wave 2: ""SATRA (Saigon Trading Group) 54,829,878 shares (67.8% of 80,914,300; data updated 3 Aug 2020); Masan MEATLife 20,180,026 shares (24.9%; updated 7 Dec 2021). UPCoM: VSN since 21 Oct 2016. Charter capital VND 809.05 bn after reduction on 28 May 2024"" (appended to notes). Aggregator of filings; percentages computed by VERIFY-CO. Shareholding dates are 2020-2021: check the 2025 annual report. || [wave 2 VERIFY-CO, VCO-13, Low] founded: was ""1970""; wave 2: ""1974 (Vietstock history); 1989 renamed; 2016 equitised"" (logged only (position: keep existing value)). Conflict with company homepage (1970, ECO-32). Not material. || [wave 2 VERIFY-CO, VCO-13; VCO-15, Low] scale_indicators: was ""2026 target 20,350 t processed food""; wave 2: ""Adds: about 100 t of livestock and poultry per day to the domestic market (Vietstock profile); market cap VND 1,092 bn (23 Sep 2026)"" (appended to scale_indicators). Plant list and locations still not published on the company site (VCO-14).",Ho Chi Minh City,
CO-034,CJ Foods Vietnam (CJ Cau Tre; bibigo),Cong ty CP Thuc pham CJ Cau Tre / CJ Foods Viet Nam,traditional chay industrial,Ho Chi Minh City,Plants in HCMC (former Ba Ria-Vung Tau) and Tay Ninh (former Long An); Hiep Phuoc branch HCMC,CJ in VN 1999; Cau Tre brand 40+ years,South Korea (CJ CheilJedang),multinational,"Cha gio chay, ha cao chay, bibigo Healthy Mandu chay","Ha cao chay: wrapper 54% (wheat, rice, tapioca), jicama, mung bean, taro, mushrooms, glass noodle (no concentrated protein listed); Mandu chay: king oyster and shiitake mushroom, soy protein",Nationwide retail; volumes not disclosed,n/a,cjfoods.com.vn (not fetched),active (checked 2026-09-23),ECO-33; ECO-34; ECO-40; VCO-12,VN-direct,Medium,"Korean-owned since 2006 acquisition of Cau Tre (date from field notes, unverified). Kizuna plant location from prior lead, unverified. | Still not verified this wave. CJ Foods Vietnam describes itself as a business unit of CJ CheilJedang with brands bibigo, Cau Tre, Ong Kim's, Ohya!, Beksul, Hetbahn, Dasida. HQ: CJ Building, 2 Bis 4-6 Le Thanh Ton, HCMC",wave 1 ECOSYSTEM,"2026-09-23 (wave 2, VERIFY-CO)","[wave 2 VERIFY-CO, VCO-12, Low] history (Cau Tre acquisition): was ""CJ in Vietnam since 1999; Cau Tre acquisition date not verified""; wave 2: ""Still not verified this wave. CJ Foods Vietnam describes itself as a business unit of CJ CheilJedang with brands bibigo, Cau Tre, Ong Kim's, Ohya!, Beksul, Hetbahn, Dasida. HQ: CJ Building, 2 Bis 4-6 Le Thanh Ton, HCMC"" (appended to notes). Acquisition year commonly reported as 2016 (analyst recollection, unsourced). Close with CJ CheilJedang 2016 disclosure (DART) or HOSE/UPCoM filing.",Ho Chi Minh City,
CO-035,GN Foods JSC,Cong ty CP GN Foods,traditional chay industrial,Tay Ninh (former Long An),"Long Hau Extended IP, Can Giuoc commune, Tay Ninh (former Long An)",2009,Vietnam,corporate,"Frozen Vietnamese foods (pancakes, noodles, rolls); prior lead says it makes Coop Select chay SKUs",Not published,"Factory 20,415 m2, processing plant 35,107 m2, 2,000 employees (company)",None found,gnfoods.com.vn,active (checked 2026-09-23),ECO-35,VN-direct,Medium,"Chay production for Coop Select is a prior lead, not confirmed. Certifications BRCGS, ISO 22000, HACCP, Halal, BAP.",wave 1 ECOSYSTEM,"2026-09-23 (wave 1, ECOSYSTEM)",,Tay Ninh,Long An
CO-036,"Agrex Saigon Foodstuffs JSC (Top V, AS Food)",Cong ty CP Thuc pham Agrex Saigon,traditional chay industrial,Ho Chi Minh City,"HCMC (10 Ben Nghe St, Tan Thuan Dong, former District 7)",unknown,Vietnam,corporate,"Export dumplings and dim sum incl. 'sui cao nam chay' (vegetarian shiitake dumpling, AG0106); Top V domestic brand (wontons, dumplings, seafood)",Shiitake mushroom,Export-oriented; volumes not disclosed,n/a,agrexsaigon.com.vn,active (checked 2026-09-23),ECO-36,VN-direct,Medium,Brief lead 'Top.V chay/plant-based line' not confirmed: only one chay export SKU found.,wave 1 ECOSYSTEM,"2026-09-23 (wave 1, ECOSYSTEM)",,Ho Chi Minh City,Ho Chi Minh City
CO-037,Cholimex Food JSC,Cong ty CP Thuc pham Cholimex,traditional chay industrial,Ho Chi Minh City,"HCMC (Vinh Loc IP, Lots C40-43/I, C51-55/II)",2006 (registration),Vietnam (foreign shareholder not verified),corporate,"Sauces and seasonings incl. vegetarian seasoning kits; frozen spring rolls, dumplings, meatballs",n/a (condiments),n/a,n/a,cholimexfood.com.vn,active (checked 2026-09-23),ECO-37,VN-direct,Medium,"Chay role is condiments/seasoning, not protein.",wave 1 ECOSYSTEM,"2026-09-23 (wave 1, ECOSYSTEM)",,Ho Chi Minh City,Ho Chi Minh City
CO-038,Vifon (chay instant noodles),Vifon,traditional chay industrial,Ho Chi Minh City,not verified,1963,Vietnam,corporate,Mi chay instant noodle cups,Wheat noodles (negligible protein role),One of 10+ chay noodle brands on Co.opmart shelf,n/a,,on shelf 2026-09-06,ECO-40,VN-direct,Low,Included for completeness of the chay shelf; not a protein supplier.,wave 1 ECOSYSTEM,"2026-09-23 (wave 1, ECOSYSTEM)",,Ho Chi Minh City,
CO-039,P.G.P (unidentified chay brand),P.G.P,traditional chay industrial,unknown,unknown,unknown,Vietnam (presumed),unknown,"Cha que chay, cha ca chay, 500 g at VND 75,900",Not found,On Lotte Mart Nha Trang shelf,n/a,,on shelf 2026-09-06,ECO-40,VN-direct,Low,Possibly Pham Gia Phat (An Nhien Foods); unconfirmed.,wave 1 ECOSYSTEM,"2026-09-23 (wave 1, ECOSYSTEM)",,,
CO-040,Vegan 24H,Vegan 24H,traditional chay industrial,Ha Noi,Ha Noi,unknown,Vietnam,SME,"Mock chicken, fish, pork, sausage, dried chay foods, seaweed",Not stated,Directory listing only,n/a,,unknown (checked 2026-09-23),ECO-38,VN-direct,Low,Directory entry; no independent verification.,wave 1 ECOSYSTEM,"2026-09-23 (wave 1, ECOSYSTEM)",,Ha Noi,Ha Noi
CO-041,Happy Farm,Happy Farm,traditional chay industrial,Ho Chi Minh City,HCMC,unknown,Vietnam,SME,"Mock meats, tofu products, mushrooms, vegetables (VietGAP)","Soy (tofu), mushrooms",Directory listing only,n/a,,unknown (checked 2026-09-23),ECO-38,VN-direct,Low,Directory entry only.,wave 1 ECOSYSTEM,"2026-09-23 (wave 1, ECOSYSTEM)",,Ho Chi Minh City,
CO-042,Vuong Ngoc Vegan,Vuong Ngoc Vegan,traditional chay industrial,Tay Ninh,Tay Ninh,unknown,Vietnam,SME,Vegetarian food (not detailed),Not stated,Directory listing only,n/a,,unknown (checked 2026-09-23),ECO-38,VN-direct,Low,"Directory entry only. Tay Ninh has a large Cao Dai vegetarian community (context, not evidence of scale).",wave 1 ECOSYSTEM,"2026-09-23 (wave 1, ECOSYSTEM)",,Tay Ninh,
CO-043,Dong Phuong Thuan,Dong Phuong Thuan,distributor,Ho Chi Minh City,n/a,unknown,Vietnam,SME,"Trader of mock meat slices (poultry, beef), fish balls, ribs",n/a,Directory listing only,n/a,,unknown (checked 2026-09-23),ECO-38,VN-direct,Low,Likely importer/wholesaler of TVP-based chay items; unverified.,wave 1 ECOSYSTEM,"2026-09-23 (wave 1, ECOSYSTEM)",,Ho Chi Minh City,
CO-044,"Xuan Hong Food Processing Import-Export Co., Ltd (lead check)",Cong ty TNHH Che bien XNK Xuan Hong,ingredient supplier,Tay Ninh,"Thanh Tan commune, Tay Ninh (former Tay Ninh)",unknown,Vietnam,SME,Cassava starch (not chay food),Cassava,100 t/day finished starch (2020); fined for bypassing wastewater treatment (800 m3/day discharge),n/a,,active as of 2020; later unknown (checked 2026-09-23),ECO-39,VN-direct,Medium,Prior lead listed 'Xuan Hong' as an industrial do chay maker; the Xuan Hong found is a cassava starch processor. Lead likely wrong or a different firm.,wave 1 ECOSYSTEM,"2026-09-23 (wave 1, ECOSYSTEM)",,Tay Ninh,Tay Ninh
CO-045,Song Huong Foods (lead),Song Huong Foods,traditional chay industrial,unknown (Hai Phong or Hue; unverified),unknown,unknown,Vietnam,corporate,Canned foods; chay line unverified,unknown,unknown,n/a,songhuongfoods.com.vn (did not resolve),unverified (checked 2026-09-23),,VN-direct,Low,Named in brief; could not verify a chay line.,wave 1 ECOSYSTEM,"2026-09-23 (wave 1, ECOSYSTEM)",,,
CO-046,LC Foods (lead),LC Foods,traditional chay industrial,unknown,unknown,unknown,Vietnam,unknown,unknown,unknown,unknown,n/a,,unverified (checked 2026-09-23),,VN-direct,Low,Named in brief; not found.,wave 1 ECOSYSTEM,"2026-09-23 (wave 1, ECOSYSTEM; wave 2 re-check not completed)","[wave 2 VERIFY-CO] Not re-verified in wave 2 (site unavailable, DNS failure or not reached).",,
CO-047,Hue One Food (lead),Hue One Food,traditional chay industrial,Hue (assumed),unknown,unknown,Vietnam,unknown,unknown,unknown,unknown,n/a,,unverified (checked 2026-09-23),,VN-direct,Low,Named in brief; not found.,wave 1 ECOSYSTEM,"2026-09-23 (wave 1, ECOSYSTEM)",,,
CO-048,Tan Nhat Huong (lead),Tan Nhat Huong,traditional chay industrial,Ho Chi Minh City,unknown,unknown,Vietnam,SME,Bakery brand ('Dutch recipe'); chay products unverified,unknown,unknown,n/a,tannhathuong.com,active bakery; chay role unverified (checked 2026-09-23),,VN-direct,Low,Found only as a bakery; chay protein role not established.,wave 1 ECOSYSTEM,"2026-09-23 (wave 1, ECOSYSTEM)",,Ho Chi Minh City,
CO-049,"Vinasoy (Vietnam Soymilk Company; part of Quang Ngai Sugar JSC, QNS)",Cong ty Sua dau nanh Viet Nam Vinasoy,plant-based dairy,Quang Ngai,"Quang Ngai (Quang Ngai, incl. former Kon Tum); Tien Son IP, Bac Ninh (Bac Ninh, incl. former Bac Giang); VSIP 2A, HCMC (former Binh Duong)",1997 (not verified this wave),Vietnam,corporate,"Fami, Vinasoy, Veyo (soy yogurt; not verified) soy milks","Soybeans, mostly imported (VN imported 2.2 Mt soybeans in 2024, all uses)","2024 soy milk revenue > VND 4,100 bn (about VND 28 bn/day); about 80% soy milk market share (2024); 82.7% (Dec 2014); Bac Ninh phases 1+2 = 180 m L/yr (2015); gross margin >39% (2024); Fami 1.9 g protein/100 ml","Owned by QNS (listed); QNS 2024 revenue > VND 10.3 trillion, net profit about VND 2.37 trillion",vinasoy.com,active (checked 2026-09-23),ECO-41; ECO-42; ECO-40; VCO-17,VN-direct,High,"Largest non-animal protein food business in VN by revenue. Share figures are company/press-reported, not audited market data.",wave 1 ECOSYSTEM,"2026-09-23 (wave 2, VERIFY-CO)","[wave 2 VERIFY-CO, VCO-17, Low] capacity 2025: was ""390 m L/yr in 3 plants (2022)""; wave 2: ""No 2025 figure found (Vinasoy site, QNS pages on cafef and Vietstock returned no data)"" (logged only (position: keep existing value)). Unverified. Vietstock history confirms Bac Ninh plant (2012) and second Bac Ninh plant plus soy research centre (2013).",Quang Ngai,
CO-050,Vinamilk (plant-based milks),"Vinamilk - sua hat, sua dau nanh",plant-based dairy,Ho Chi Minh City,Multiple dairy plants (not itemised),1976,Vietnam,corporate,"9-nut milk, high-protein nut milk (9 g protein per 240 ml), oat milk, soy-walnut, soy-red bean, soy milk with fresh milk","Soy, nuts, oats; several SKUs are hybrids containing fresh cow milk",Nut milk reported 'double-digit growth' in Q1 2026 (no figure),Listed (HOSE: VNM),vinamilk.com.vn,active (checked 2026-09-23),ECO-43; ECO-44; ECO-40,VN-direct,Medium,Hybrid dairy-plant products blur the 'alt protein' boundary.,wave 1 ECOSYSTEM,"2026-09-23 (wave 1, ECOSYSTEM)",,Ho Chi Minh City,
CO-051,TH Group (TH true NUT),TH true NUT,plant-based dairy,Nghe An / Ha Noi,Nghe An (TH dairy complex; NUT line plant not confirmed),2018 (launch 17 Mar 2018),Vietnam,corporate,"Walnut, macadamia, almond, oat nut milks with dates","Imported macadamia (Australia), walnut and oat (USA), dates; contains fresh cow milk","About 250 TH true mart stores at launch (2018); retail VND 52,300-64,900 per litre (2026)",Private,thgroupglobal.com,active (checked 2026-09-23),ECO-45; ECO-40,VN-direct,Medium,"Walnut variant: 60% walnut extract plus fresh cow milk; protein 1 g/100 ml. A hybrid, not fully plant-based.",wave 1 ECOSYSTEM,"2026-09-23 (wave 1, ECOSYSTEM)",,Nghe An; Ha Noi,Nghe An; Ha Noi
CO-052,Nutifood (plant milks),Nutifood,plant-based dairy,Ho Chi Minh City,not verified,1989 (not verified),Vietnam,corporate,"Brown rice milk, corn milk","Rice, corn (low protein)","On Co.opmart shelf at VND 24,800",Private,,on shelf 2026-09-06,ECO-40,VN-direct,Low,Field observation only.,wave 1 ECOSYSTEM,"2026-09-23 (wave 1, ECOSYSTEM)",,Ho Chi Minh City,
CO-053,Kashew Cheese,Kashew Cheese,plant-based dairy,Ho Chi Minh City,"HCMC (fermentation lab; deli cafes incl. 14 Tran Ngoc Dien, Thao Dien)",2020,Vietnam,startup,"Fermented cashew cheeses, kream cheese, ricotta, mozzarella, yogurt, milk",Vietnamese cashew kernels,Multiple HCMC deli cafes; national delivery; HoReCa supply,None disclosed,kashewcheese.com,active (checked 2026-09-23),ECO-49; ECO-50; ECO-15,VN-direct,Medium,Founders Dau Thi Le Na and Tobias Briffa. Uses a VN export crop (cashew) domestically.,wave 1 ECOSYSTEM,"2026-09-23 (wave 1, ECOSYSTEM)",,Ho Chi Minh City,
CO-054,"137 Degrees (Simple Foods Co., Ltd)",137 Degrees,plant-based dairy,n/a (Thailand),"Thailand (500,000 L/day nut-milk plant planned c.2019-2020)",unknown,Thailand,SME,"Almond, walnut, pistachio, macadamia milks",Nuts,"Exports to 30 countries (c.2019); on VN shelves (field audit, presence flagged not priced)",n/a,137degrees.net,on VN shelf likely (2026-09-06 field note),ECO-46; ECO-40,VN-adjacent,Medium,"Brief asked whether Thai or Vietnamese: it is Thai (Simple Foods, Bangkok).",wave 1 ECOSYSTEM,"2026-09-23 (wave 1, ECOSYSTEM)",,,
CO-055,Oatside,Oatside,plant-based dairy,n/a (Singapore),"Bandung, Indonesia",2021,Singapore,startup (scale-up),Oat milk incl. Barista Blend,Oats,Launched in HCMC Nov-Dec 2022 via coffee events; supermarket presence by 2026; VN 'Chief Milk Officer' campaign backlash 30 Mar-4 Apr 2026,n/a,,active in VN (checked 2026-09-23),ECO-47; ECO-48,VN-direct,Medium,Importer/distributor not named in sources.,wave 1 ECOSYSTEM,"2026-09-23 (wave 1, ECOSYSTEM)",,,
CO-056,Dairy-Free Down Under,Dairy-Free Down Under,plant-based dairy,n/a (Australia),Imported,unknown,Australia,SME,"Dairy-free cheeses, sour cream",Cashew and others,"Annam Gourmet, Nam An, The Food Shop (2022); VN since 2018 (blog)",n/a,,unknown in 2026 (checked 2026-09-23),ECO-15,VN-direct,Low,,wave 1 ECOSYSTEM,"2026-09-23 (wave 1, ECOSYSTEM)",,,
CO-057,Deep Blue Island (lead),Deep Blue Island,plant-based dairy,unknown,unknown,unknown,unknown,unknown,unknown,unknown,unknown,n/a,,unverified (checked 2026-09-23),,general,Low,Named in brief; not found.,wave 1 ECOSYSTEM,"2026-09-23 (wave 1, ECOSYSTEM; wave 2 re-check not completed)","[wave 2 VERIFY-CO] Not re-verified in wave 2 (site unavailable, DNS failure or not reached).",,
CO-058,Hat Viet (lead),Hat Viet,plant-based dairy,unknown,unknown,unknown,Vietnam,unknown,unknown,unknown,unknown,n/a,,unverified (checked 2026-09-23),,VN-direct,Low,Named in brief; not found.,wave 1 ECOSYSTEM,"2026-09-23 (wave 1, ECOSYSTEM)",,,
CO-059,"Ong Tempeh Vietnam Trading Services Co., Ltd",Cong ty TNHH TM DV Ong Tempeh Viet Nam,fermentation biomass,Ho Chi Minh City,"HCMC (Phu Thuan, former District 7); Ha Noi branch (Thanh Xuan)",c.2021 (inferred),Vietnam,SME,"Fresh tempeh (soy, chickpea, cashew), tempeh chips, marinated tempeh, starter cultures (men tempeh), DIY kits","Soybeans, chickpeas, lentils, cashew; Rhizopus starter",Small; national delivery,None,ongtempeh.com,active (checked 2026-09-23),ECO-51,VN-direct,Medium,Only commercial tempeh maker verified. Sells Rhizopus starter: a small domestic fungal-fermentation know-how base.,wave 1 ECOSYSTEM,"2026-09-23 (wave 1, ECOSYSTEM; wave 2 re-check not completed)","[wave 2 VERIFY-CO] Not re-verified in wave 2 (site unavailable, DNS failure or not reached).",Ho Chi Minh City,
CO-060,Vinaorganic (tempeh technology transfer; lead),Vinaorganic,fermentation biomass,unknown,unknown,unknown,Vietnam,SME,Offers tempeh technology transfer,Soy,unknown,n/a,vinaorganic.com,unverified (checked 2026-09-23),,VN-direct,Low,Search-listing only; not read.,wave 1 ECOSYSTEM,"2026-09-23 (wave 1, ECOSYSTEM)",,,
CO-061,CK Vietnam Group / V-Group Vietnam (imported 'Mycoprotein' SCP),Tap doan CK Viet Nam,feed SCP/yeast,unknown (VN),Imported from China,unknown,Vietnam (distributor); Chinese manufacturer unnamed,SME,"'Mycoprotein' single-cell protein for livestock, poultry, fish and shrimp feed","Bacterial biomass from glutamic acid (MSG) fermentation; CP >=70%, digestible protein >85%, ash <=7%",40 kg bags or 1 t jumbo bags; volumes not disclosed,n/a,ckvietnam.com.vn,active listing (checked 2026-09-23),ECO-69,VN-direct,Medium,"Chinese amino-acid fermentation SCP is already sold in VN feed: the import counterfactual for any VN SCP play. Name 'mycoprotein' is a misnomer (bacterial, not fungal).",wave 1 ECOSYSTEM,"2026-09-23 (wave 1, ECOSYSTEM)",,,
CO-062,Tan Huu Qui (feed ingredient trader; lead),Tan Huu Qui,feed SCP/yeast,unknown,n/a,unknown,Vietnam,SME,Lists 'Dam don bao' (SCP) as alternative to animal protein in feed,SCP (source not read),unknown,n/a,tanhuuqui.com,unverified; site returned error (checked 2026-09-23),,VN-direct,Low,Search-listing only.,wave 1 ECOSYSTEM,"2026-09-23 (wave 1, ECOSYSTEM)",,,
CO-063,Angel Yeast Vietnam,Angel Yeast Viet Nam,feed SCP/yeast,Ha Noi,Imported from China,n/a (Angel Yeast 1986),China,multinational,"Yeast, yeast extract, yeast-based feed products",Saccharomyces yeast,Facebook presence in Hanoi; VN volumes unknown,n/a,facebook.com/angelyeastvietnam,unverified detail (checked 2026-09-23),,VN-direct,Low,Search-listing only; no VN feed data read.,wave 1 ECOSYSTEM,"2026-09-23 (wave 1, ECOSYSTEM)",,Ha Noi,Ha Noi
CO-064,Enzym Group (via ShrimpVet trial),Enzym Group,feed SCP/yeast,n/a (Ukraine),Imported,unknown,Ukraine,SME,EnzActive yeast feed additive,"Saccharomyces cerevisiae (functional additive at 0.5 g/kg, not a bulk protein)",Lab trial at ShrimpVet HCMC: +42.86% survival vs control under Vibrio challenge,n/a,,unknown (checked 2026-09-23),ECO-70,VN-direct,Low,Shows VN has contract shrimp-trial labs (ShrimpVet) usable by novel feed ingredient makers.,wave 1 ECOSYSTEM,"2026-09-23 (wave 1, ECOSYSTEM)",,,
CO-065,Calysta (FeedKind),Calysta,feed SCP/yeast,n/a (USA/UK),China plant (JV),2012,USA,multinational,FeedKind methanotroph SCP,Methane-fed bacterial biomass,"No VN supply, distributor or trial found; trials with Thai Union in Thailand",n/a,calysta.com,no VN activity found (checked 2026-09-23),ECO-66,VN-adjacent,Low,Absence of evidence after limited search.,wave 1 ECOSYSTEM,"2026-09-23 (wave 1, ECOSYSTEM)",,,
CO-066,Unibio (Uniprotein),Unibio,feed SCP/yeast,n/a (Denmark),n/a,2001,Denmark,SME,Uniprotein methane-fed SCP,Methane-fed bacterial biomass,Featured in VN aquaculture press May 2025; no VN supply found,n/a,unibio.dk,no VN activity found (checked 2026-09-23),ECO-67,VN-adjacent,Low,Digestibility 81-88% by species (company claim reported in VN press).,wave 1 ECOSYSTEM,"2026-09-23 (wave 1, ECOSYSTEM)",,,
CO-067,Spirulina Vinh Hao JSC,Cong ty CP Tao Vinh Hao,microalgae,Lam Dong (former Binh Thuan),"Vinh Hao commune, Tuy Phong, Lam Dong (former Binh Thuan); grown on Vinh Hao mineral water",2008 (company); site chosen 1976; technology transfer 1979,Vietnam,SME,"Spirulina powder and tablets (Nutri, Piramin, Spivital)",Spirulina (Arthrospira) biomass,"Over 12,000 m2 ponds (company, undated); nearly 17 t/yr (2013 figure)",None found,spiviha.com,active (checked 2026-09-23),ECO-52,VN-direct,Medium,"Prior lead said 5,000 m2; company says >12,000 m2. Output figure is 13 years old.",wave 1 ECOSYSTEM,"2026-09-23 (wave 1, ECOSYSTEM; wave 2 re-check not completed)","[wave 2 VERIFY-CO] Not re-verified in wave 2 (site unavailable, DNS failure or not reached).",Lam Dong,Binh Thuan
CO-068,Dai Viet Spirulina Group,Tao xoan Dai Viet,microalgae,Ha Noi,Lang Son and Thanh Hoa farms,2014 (project); main facility 2019,Vietnam,SME,"100+ spirulina products (fresh, powder, tablets, gel, liquid)",Spirulina biomass,"50,000 m2 cultivation (company); VND 150 bn investment (claimed)",Private,taoxoandaiviet.vn,active (checked 2026-09-23),ECO-54,VN-direct,Low,"Claims 'FDA certification' (Feb 2022) which is likely a registration, not approval. Output tonnage not stated.",wave 1 ECOSYSTEM,"2026-09-23 (wave 1, ECOSYSTEM; wave 2 re-check not completed)","[wave 2 VERIFY-CO] Not re-verified in wave 2 (site unavailable, DNS failure or not reached).",Ha Noi,Ha Noi
CO-069,VN Vastcom Biotechnology JSC,Cong ty CP khoa hoc cong nghe tao VN Vastcom,microalgae,Nghe An,Nghe An,2017 (VAST technology transfer),Vietnam,SME,Spirulina functional foods and feed supplements; OCOP 4-star,Spirulina biomass,"About 2 ha, about 5 t dry biomass/yr, 50+ workers (Jul 2023)",MOST-selected commercialisation project (amount not stated),,active as of 2023 (checked 2026-09-23),ECO-53,VN-direct,Medium,Article claims over 70% of spirulina products in VN are imported.,wave 1 ECOSYSTEM,"2026-09-23 (wave 1, ECOSYSTEM; wave 2 re-check not completed)","[wave 2 VERIFY-CO] Not re-verified in wave 2 (site unavailable, DNS failure or not reached).",Nghe An,Nghe An
CO-070,Tao Viet High-Tech Agricultural Cooperative,HTX nong nghiep cong nghe cao Tao Viet,microalgae,Ninh Binh,"Dong Son, Tam Diep, Ninh Binh",unknown,Vietnam,SME,Fresh spirulina,Spirulina biomass,"1,400 m2 (40 tanks x 10 m3) expanding to 20,000 m2 (Apr 2023); fresh algae sold >VND 1.5 m/kg",n/a,,active as of 2023 (checked 2026-09-23),ECO-55,VN-direct,Low,Revenue claims (VND 40-50 m/month per tank) look implausible; treat as promotional.,wave 1 ECOSYSTEM,"2026-09-23 (wave 1, ECOSYSTEM; wave 2 re-check not completed)","[wave 2 VERIFY-CO] Not re-verified in wave 2 (site unavailable, DNS failure or not reached).",Ninh Binh,
CO-071,"ECOFARM High-Tech Agriculture Co., Ltd (MTE Spirulina)",Cong ty TNHH Nong nghiep Ky thuat Cong nghe cao ECOFARM,microalgae,Ho Chi Minh City,"Binh My, HCMC (former Cu Chi)",c.2017,Vietnam,SME,"Fresh spirulina (MTE Spirulina), distributed by PHATA JSC",Spirulina biomass,Not stated,n/a,mtespirulina.vn,active (checked 2026-09-23),ECO-56,VN-direct,Low,,wave 1 ECOSYSTEM,"2026-09-23 (wave 1, ECOSYSTEM; wave 2 re-check not completed)","[wave 2 VERIFY-CO] Not re-verified in wave 2 (site unavailable, DNS failure or not reached).",Ho Chi Minh City,Ho Chi Minh City
CO-072,"Institute of Biotechnology, Vietnam Academy of Science and Technology (VAST)","Vien Cong nghe Sinh hoc, VAST",other,Ha Noi,Ha Noi,n/a,Vietnam,other,Spirulina strain and cultivation technology source (to Vastcom 2017; to Vinh Hao via Institute of Biology 1970s),n/a,n/a,Public,,active (checked 2026-09-23),ECO-52; ECO-53,VN-direct,Medium,Public research source of VN spirulina know-how.,wave 1 ECOSYSTEM,"2026-09-23 (wave 1, ECOSYSTEM)",,Ha Noi,Ha Noi
CO-073,Can Tho University (duckweed feed research; lead),Dai hoc Can Tho,duckweed,Can Tho,n/a,n/a,Vietnam,other,"1990s duckweed-for-livestock research (Men et al. 1996, LRRD; prior lead)",Lemna/duckweed,Research only,Public,,not verified this wave (checked 2026-09-23),,VN-direct,Low,No commercial duckweed food or feed producer found in VN this wave.,wave 1 ECOSYSTEM,"2026-09-23 (wave 1, ECOSYSTEM)",,Can Tho,
CO-074,FiBL / Binca Seafoods duckweed project (lead),FiBL - Binca Seafoods,duckweed,unknown,unknown,2019 (lead),Switzerland / Vietnam,other,Duckweed for aquafeed pilot (prior lead),Duckweed,Outcome unpublished (prior lead),unknown,,not verified this wave (checked 2026-09-23),,VN-direct,Low,Prior lead only.,wave 1 ECOSYSTEM,"2026-09-23 (wave 1, ECOSYSTEM)",,,
CO-075,"Shiok Meats (assets acquired by UMAMI Bioworks, 2024)",Shiok Meats,cultivated,n/a (Singapore),Proposed joint R&D centre in VN with Minh Phu (never evidenced),2018,Singapore,startup,Cultivated shrimp and crustacean meat,Crustacean cell lines,MOU with Minh Phu (27-28 Jul 2022) for VN R&D centre and feasibility of VN plant; Series B (~USD 18 m round) included Vinh Hoan (2021),About USD 30 m raised by 2021,,"merged into UMAMI Bioworks (stock deal, 12 Mar 2024); MOU status unknown (checked 2026-09-23)",ECO-60; ECO-61; ECO-62; ECO-63; ECO-23,VN-direct,Medium,Only cultivated project ever proposed for VN soil. No sign it proceeded.,wave 1 ECOSYSTEM,"2026-09-23 (wave 1, ECOSYSTEM)",,,
CO-076,UMAMI Bioworks,UMAMI Bioworks,cultivated,n/a (Singapore),n/a,2020,Singapore,startup,Cultivated seafood; acquired Shiok assets incl. crustacean cell-line IP,Cell lines,No VN activity found,n/a,,active; no VN activity found (checked 2026-09-23),ECO-63,VN-adjacent,Medium,"Holder of the Shiok-Minh Phu relationship, if any survives.",wave 1 ECOSYSTEM,"2026-09-23 (wave 1, ECOSYSTEM)",,,
CO-077,Minh Phu Seafood Corp,Tap doan Thuy san Minh Phu,cultivated,Ca Mau,Ca Mau (Ca Mau incl. former Bac Lieu),1992 (not verified),Vietnam,corporate,Shrimp processor and exporter; cultivated-shrimp MOU partner,n/a,VN's largest shrimp exporter (press),Listed (UPCoM: MPC),,"active; cultivated MOU dormant (checked 2026-09-23) | MOU signed 26 Jul 2022: joint R&D centre (site 'not yet available'), feasibility of cultivated crustacean plants in Vietnam, no timeline or amounts. UMAMI Bioworks (successor to Shiok) lists partners Asahi Kasei, Maruha Nichiro, Steakholder Foods, Cell-Agritech and Triple Bar; no Vietnamese partner",ECO-61; ECO-62; VCO-22; VCO-23,VN-direct,Medium,CEO Le Van Quang said parties 'will continue to discuss' (2022).,wave 1 ECOSYSTEM,"2026-09-23 (wave 2, VERIFY-CO)","[wave 2 VERIFY-CO, VCO-22; VCO-23, Medium] cultivated MOU status: was ""MOU with Shiok (Jul 2022); no progress found""; wave 2: ""MOU signed 26 Jul 2022: joint R&D centre (site 'not yet available'), feasibility of cultivated crustacean plants in Vietnam, no timeline or amounts. UMAMI Bioworks (successor to Shiok) lists partners Asahi Kasei, Maruha Nichiro, Steakholder Foods, Cell-Agritech and Triple Bar; no Vietnamese partner"" (appended to status). Absence of evidence supports 'dormant'. Confirm with Minh Phu IR.",Ca Mau,
CO-078,Avant Meats,Avant,cultivated,n/a (Hong Kong),Hong Kong Science Park,2018,Hong Kong,startup,Cultivated fish (fish maw) and cell-derived skincare,Fish cell lines,USD 3.1 m seed (Dec 2020); minority stake held by Vinh Hoan via Vinh Technology (Jan 2021),USD 3.1 m seed,,status 2026 unknown (checked 2026-09-23),ECO-58; ECO-59,VN-direct,Medium,Partnership aimed at using Vinh Hoan's manufacturing and sales network; no VN facility announced.,wave 1 ECOSYSTEM,"2026-09-23 (wave 1, ECOSYSTEM)",,,
CO-079,Vinh Hoan Corp (Vinh Technology Pte Ltd),Cong ty CP Vinh Hoan,other,Dong Thap,"Cao Lanh, Dong Thap (Dong Thap incl. former Tien Giang)",1997 (not verified),Vietnam,corporate,Pangasius exporter; corporate venture unit Vinh Technology (Singapore) for agri/food/biotech incl. alt protein,n/a (buyer of insect meal),"Stake in Avant (2021); Shiok Series B (2021); Entobel offtake >=15,000 t insect protein 2025-2027 (Feb 2024)",Listed (HOSE: VHC),vinhhoan.com,active (checked 2026-09-23),ECO-05; ECO-58; ECO-59; ECO-60; VCO-24,VN-direct,High,"The most active VN corporate in alternative protein, as investor and as feed buyer. | No 2024-2026 investor update on Avant, Shiok/UMAMI or Entobel found on the Vinh Hoan investor page; VINH Technology still listed as a division",wave 1 ECOSYSTEM,"2026-09-23 (wave 2, VERIFY-CO)","[wave 2 VERIFY-CO, VCO-24, Low] alt-protein activity 2024-2026: was ""Avant, Shiok stakes; Entobel offtake""; wave 2: ""No 2024-2026 investor update on Avant, Shiok/UMAMI or Entobel found on the Vinh Hoan investor page; VINH Technology still listed as a division"" (appended to notes). Absence on a paginated page; stake values not disclosed.",Dong Thap,Dong Thap
CO-080,Entobel,Entobel,insect (benchmark),HCMC (former Ba Ria-Vung Tau) (main plant); HQ Singapore,"Dong Nai (1,000 t/yr, since 2019, R&D centre); Vung Tau area, HCMC (former Ba Ria-Vung Tau) (10,000 t/yr, opened 23 Nov 2023)",2014 (not verified this wave),Singapore (Belgian founders),startup (scale-up),"H-Meal (BSF larvae meal, min 53% crude protein), H-Oil (lauric-rich), H-Ferti (frass)",Black soldier fly larvae on agri-food by-products incl. HEINEKEN Vietnam brewery by-products,"Design capacity about 11,000 t/yr insect protein (1,000 + 10,000); 150 jobs (2023), >200 staff (2026); capacity 12x since 2022; 50-level vertical rearing; Indonesia expansion planned","Series B 2022: Mekong Capital USD 25 m, Dragon Capital USD 5 m; IFC USD 2.5 m (board 23 Feb 2023); project cost USD 32.5 m; company cites USD 33 m Series B | Confirmed IFC-46903 'CnC-Entobel': USD 2.5 m, instrument described as an 'Upstream Collaboration Agreement'; project cost USD 32.5 m; board 23 Feb 2023; status Active; 10,000 t BSF plant in Ba Ria-Vung Tau (now HCMC). IFC-45769 could not be found (IFC portal 404; not on EWS)",entobel.com,"active (checked 2026-09-23) | Certified B Corp (announced 5 Feb 2025). No 2025-2026 output, feedstock or Indonesia update on company news page; Mekong Capital page still says 'preparing' Indonesia expansion, no site or date",ECO-01; ECO-02; ECO-03; ECO-04; ECO-05; ECO-06; VCO-28; VCO-18; VCO-19; VCO-20,VN-direct,High,"Benchmark incumbent for any novel feed protein. Capacity is design capacity, not measured output. | Skretting Vietnam and Entobel announced a strategic partnership on 26 Nov 2025; commercial production of Skretting shrimp feed containing Entobel H-Meal started in November 2025, described as the first commercial insect-meal shrimp feed in Vietnam. H-Meal footprint about 1 kg CO2 per kg (claimed)",wave 1 ECOSYSTEM,"2026-09-23 (wave 2, VERIFY-CO)","[wave 2 VERIFY-CO, VCO-28, Medium] partnerships: was ""Skretting 'partnered with Entobel' (unverified)""; wave 2: ""Skretting Vietnam and Entobel announced a strategic partnership on 26 Nov 2025; commercial production of Skretting shrimp feed containing Entobel H-Meal started in November 2025, described as the first commercial insect-meal shrimp feed in Vietnam. H-Meal footprint about 1 kg CO2 per kg (claimed)"" (appended to notes). Company release. No inclusion rate or volume disclosed. || [wave 2 VERIFY-CO, VCO-18; VCO-19, Medium] status / certifications: was ""Active; >200 staff (2026)""; wave 2: ""Certified B Corp (announced 5 Feb 2025). No 2025-2026 output, feedstock or Indonesia update on company news page; Mekong Capital page still says 'preparing' Indonesia expansion, no site or date"" (appended to status). Output remains undisclosed. Treat 11,000 t/yr as design capacity only. || [wave 2 VERIFY-CO, VCO-20, Medium] funding (IFC): was ""IFC USD 2.5 m (IFC-46903)""; wave 2: ""Confirmed IFC-46903 'CnC-Entobel': USD 2.5 m, instrument described as an 'Upstream Collaboration Agreement'; project cost USD 32.5 m; board 23 Feb 2023; status Active; 10,000 t BSF plant in Ba Ria-Vung Tau (now HCMC). IFC-45769 could not be found (IFC portal 404; not on EWS)"" (appended to funding_known). Secondary host of IFC data. 'Upstream' suggests IFC project-development funding, not a standard equity or loan; check the IFC SII page.",Ho Chi Minh City,Ba Ria-Vung Tau
CO-081,Cricket One,Cricket One,insect (benchmark),Dong Nai (former Binh Phuoc) / HCMC office,"Loc Ninh area, Dong Nai (former Binh Phuoc): 4 company farms + about 20 satellite farms; processing plant",c.2016,Vietnam (Singapore investors),startup,"Cricket powders (defatted, full-fat, ultra-fine), whole crickets, oil, restructured cricket meat, frass",House crickets fed plant-based feed (developed with HCMC Nong Lam University),"Claims: >100 m crickets/month (2020); about 100 t fresh/month at full capacity (Feb 2023); 1,000 t/yr processing with 10,000 t/yr 5-yr target (Oct 2023); about 150 t live/month (Oct 2024); exports to EU, North America, Japan (20+ countries); HACCP, FSSC 22000","Pre-Series A 7-figure USD (Nov 2020, lead Corecam Capital, Masik Enterprises); Series A 7-figure USD (Oct 2023, Robert Alexander Stone, Cub Capital)",,active as of Oct 2024 (last evidence); 2025-26 unknown (checked 2026-09-23) | Unchanged: company site did not load (timeout). No 2025-2026 evidence found,ECO-07; ECO-08; ECO-09; ECO-10; ECO-11,VN-direct,Medium,"All volumes are company claims and inconsistent in unit (count, fresh t, live t).",wave 1 ECOSYSTEM,"2026-09-23 (wave 1, ECOSYSTEM; wave 2 re-check not completed)","[wave 2 VERIFY-CO, none, Low] status: was ""Last evidence Oct 2024""; wave 2: ""Unchanged: company site did not load (timeout). No 2025-2026 evidence found"" (appended to status). Unverified. Check Dong Nai business registry or LinkedIn. || [wave 2 VERIFY-CO] Not re-verified in wave 2 (site unavailable, DNS failure or not reached).",Dong Nai; Ho Chi Minh City,
CO-082,HEINEKEN Vietnam,HEINEKEN Viet Nam,other,Ho Chi Minh City,Breweries (not itemised),1991 in VN,Netherlands,multinational,Brewery by-products supplied to Entobel,Spent grain / brewery by-products,Volumes not disclosed,n/a,,active (checked 2026-09-23),ECO-01,VN-direct,Medium,Feedstock partner in Entobel's 'circular ecosystem'.,wave 1 ECOSYSTEM,"2026-09-23 (wave 1, ECOSYSTEM)",,Ho Chi Minh City,
CO-083,Nong Lam University HCMC,Dai hoc Nong Lam TP.HCM,other,Ho Chi Minh City,HCMC,n/a,Vietnam,other,Co-developed cricket feed formulas with Cricket One,n/a,n/a,Public,,active (checked 2026-09-23),ECO-10,VN-direct,Medium,,wave 1 ECOSYSTEM,"2026-09-23 (wave 1, ECOSYSTEM)",,Ho Chi Minh City,
CO-084,GFI APAC,The Good Food Institute Asia Pacific,other,n/a (Singapore),n/a,2019 (not verified),Singapore/USA (NGO),other,"Regional alt-protein NGO; VN included in 6-country SE Asia consumer survey (about 6,000 respondents)",n/a,GFI ecosystem database lists 2 VN companies (both plant-based); 2023 SOTIR notes GNPD logged no VN plant-based meat launches (2022-Q2 2023),NGO,gfi-apac.org,active; no VN-specific programme found (checked 2026-09-23),ECO-22; ECO-23; ECO-24; ECO-73; VCO-21,VN-direct,High,"VN is peripheral in GFI APAC's published work. | 2 companies, both plant-based; founded 2019 and 2023; one dairy (cheese, other dairy), one meat/seafood and ingredients. No Vietnamese researchers, research centres, courses or student groups listed",wave 1 ECOSYSTEM,"2026-09-23 (wave 2, VERIFY-CO)","[wave 2 VERIFY-CO, VCO-21, Medium] Vietnam entries: was ""2 Vietnamese companies (names not rendered)""; wave 2: ""2 companies, both plant-based; founded 2019 and 2023; one dairy (cheese, other dairy), one meat/seafood and ingredients. No Vietnamese researchers, research centres, courses or student groups listed"" (appended to notes). Neither founding year matches Emmay (2017) or Kashew (2020); names still unknown. Company list URL returned 404.",,
CO-085,VinaCapital Ventures,VinaCapital Ventures,other,Ho Chi Minh City,n/a,2019 (not verified),Vietnam,other,VC arm of VinaCapital; invested in INNOHAS (Korea) Jul 2024,n/a,n/a,n/a,,active (checked 2026-09-23),ECO-65,VN-direct,Medium,Only VN VC alt-protein deal found.,wave 1 ECOSYSTEM,"2026-09-23 (wave 1, ECOSYSTEM)",,Ho Chi Minh City,
CO-086,Mekong Capital,Mekong Capital,other,Ho Chi Minh City,n/a,2001,Vietnam,other,Mekong Enterprise Fund IV invested USD 25 m in Entobel (2022),n/a,n/a,n/a,mekongcapital.com,active (checked 2026-09-23),ECO-02; ECO-03,VN-direct,High,,wave 1 ECOSYSTEM,"2026-09-23 (wave 1, ECOSYSTEM)",,Ho Chi Minh City,
CO-087,Dragon Capital,Dragon Capital,other,Ho Chi Minh City,n/a,1994,Vietnam/UK,other,USD 5 m in Entobel (2022),n/a,n/a,n/a,,active (checked 2026-09-23),ECO-03,VN-direct,High,,wave 1 ECOSYSTEM,"2026-09-23 (wave 1, ECOSYSTEM)",,Ho Chi Minh City,
CO-088,IFC (World Bank Group),IFC,other,n/a,n/a,1956,Multilateral,other,"USD 2.5 m to Entobel (project IFC-46903, board 23 Feb 2023)",n/a,n/a,n/a,ifc.org,active (checked 2026-09-23),ECO-03,VN-direct,High,Only DFI alt-protein investment in VN found.,wave 1 ECOSYSTEM,"2026-09-23 (wave 1, ECOSYSTEM)",,,
CO-089,ADB #SheExports / We-Fi / WISE,ADB SheExports,other,n/a,n/a,n/a,Multilateral / Vietnam NGO (WISE),other,Export accelerator for women-led SMEs; Emmay a 2023 participant,n/a,n/a,Grant-funded programme,we-fi.org,active (checked 2026-09-23),ECO-13,VN-direct,Medium,"Generic SME support, not alt-protein specific.",wave 1 ECOSYSTEM,"2026-09-23 (wave 1, ECOSYSTEM)",,,
CO-090,"Vedan Vietnam Enterprise Corp. (Vedan International (Holdings), HKEX 2317)",Cong ty CP Huu han Vedan Viet Nam,ingredient supplier,Dong Nai,"Phuoc Thai commune (former Long Thanh district), Dong Nai: 120 ha complex with own port; Phuoc Long tapioca starch plant, Dong Nai (former Binh Phuoc)",1991,Taiwan,multinational,"MSG, glutamic acid, lysine, PGA, CMS, native and modified starch, glucose syrup, chlor-alkali, fertiliser and feed pellets, coffee",Cassava starch and cane molasses (carbon sources); fermentation biomass by-products,"GA 180,000 t/yr (2004 nameplate, last published); lysine 15,000 t/yr (1998); glucose syrup 140,000 t/yr (1995); 700 m3 tanks, count undisclosed; Vietnam revenue USD 154.3 m (2025), USD 79.6 m (H1 2026) | Glutamic acid (GA) production raised from 140,000 to 180,000 t/yr in 2004 (latest published nameplate); caustic soda 60,000 to 80,000 t/yr (2004) | Still not disclosed (AR 2025, interim 2026, website). Modelled: about 11 to 17 tanks of 700 m3 needed for 180,000 t/yr GA (about 7,700 to 11,900 m3 for GA alone) | 2025 group: revenue USD 374.7 m; net profit USD 17.1 m; MSG and seasonings USD 202.4 m (54.0%); starch and starch sugar USD 63.5 m (17.0%); coffee beans USD 46.8 m (12.5%); fertiliser and feed USD 27.1 m (7.2%); specialty chemicals USD 19.6 m (5.2%) | More than 3,000 employees; 120 ha; on-site plants: starch and glucose syrup, MSG, modified starch, chlor-alkali, lysine, co-generation, PGA, Vedagro pellet",Listed parent (HKEX),vedan.com.vn,active (checked 2026-09-23),VCO-01; VCO-02; VCO-03; VCO-04; VCO-05,VN-direct,High,Largest aerobic fermentation base in Vietnam (with Ajinomoto). No capacity figure in AR 2025. Capex 2025 USD 9.8 m for equipment replacement only. | Cassava prices rose sharply from Q4 2025 through H1 2026; molasses tight in H1 2026 (shipping costs),wave 2 VERIFY-CO (new),"2026-09-23 (wave 2, VERIFY-CO)","[wave 2 VERIFY-CO] New row from companies_new.csv. || [wave 2 VERIFY-CO, VCO-03, Medium] scale_indicators (glutamic acid capacity): was ""GA fermentation 36,000 t/yr (1995); expanded 1998 and 2004-05; current total not published""; wave 2: ""Glutamic acid (GA) production raised from 140,000 to 180,000 t/yr in 2004 (latest published nameplate); caustic soda 60,000 to 80,000 t/yr (2004)"" (appended to scale_indicators). Company milestones page (undated, historic nameplate). Annual Report 2025 gives no capacity (VCO-01). Treat 180,000 t/yr GA as the last published nameplate, not current output. || [wave 2 VERIFY-CO, VCO-01; VCO-02; VCO-03; VCO-05, Low] scale_indicators (fermentation tank count): was ""700 m3 per tank; tank count unknown""; wave 2: ""Still not disclosed (AR 2025, interim 2026, website). Modelled: about 11 to 17 tanks of 700 m3 needed for 180,000 t/yr GA (about 7,700 to 11,900 m3 for GA alone)"" (appended to scale_indicators). Modelled estimate by VERIFY-CO: titre 150 to 180 g/L, 75 to 80% working volume, 150 to 180 batches per tank per year, 90% recovery. Excludes lysine and PGA tanks. Older tanks may be smaller. || [wave 2 VERIFY-CO, VCO-01; VCO-02, High] revenue: was ""Vietnam revenue USD 166 m in 2024 (43.7% of group)""; wave 2: ""Vietnam revenue USD 154.3 m in 2025 (41.2% of group; down 7.0%); H1 2026 USD 79.6 m (up 8.5%; 38.7% share)"" (already in row). Primary HKEX filings. 2024 figure confirmed (USD 165.956 m). 'Vietnam' is revenue by customer market, not plant output. || [wave 2 VERIFY-CO, VCO-01, High] revenue by product 2025: was ""Group MSG and seasoning revenue about USD 218 m (2024)""; wave 2: ""2025 group: revenue USD 374.7 m; net profit USD 17.1 m; MSG and seasonings USD 202.4 m (54.0%); starch and starch sugar USD 63.5 m (17.0%); coffee beans USD 46.8 m (12.5%); fertiliser and feed USD 27.1 m (7.2%); specialty chemicals USD 19.6 m (5.2%)"" (appended to scale_indicators). Group level (Vietnam, China, Japan, ASEAN, etc.). Capex 2025 USD 9.8 m, for replacing obsolete equipment at a Vietnamese subsidiary: no sign of new capacity. || [wave 2 VERIFY-CO, VCO-01; VCO-02, High] feedstock_context: was ""n/a""; wave 2: ""Cassava prices rose sharply from Q4 2025 through H1 2026; molasses tight in H1 2026 (shipping costs)"" (appended to notes). Company commentary; no prices given. || [wave 2 VERIFY-CO, VCO-04, Medium] scale_indicators (staff, site): was ""About 3,830 staff (2024); 120 ha""; wave 2: ""More than 3,000 employees; 120 ha; on-site plants: starch and glucose syrup, MSG, modified starch, chlor-alkali, lysine, co-generation, PGA, Vedagro pellet"" (appended to scale_indicators). Company page, undated.",Dong Nai,
CO-091,"VAL (Vietnam Agribusiness Co., Ltd; Bunge-Wilmar JV)",Cong ty TNHH Kinh doanh nong san Viet Nam,ingredient supplier,Ho Chi Minh City (former Ba Ria-Vung Tau),"Phu My 1 Industrial Park, Phu My ward, HCMC (former Ba Ria-Vung Tau)",not verified,"USA / Singapore (Bunge, Wilmar)",multinational,"Soybean meal (feed), soybean oil",Imported soybeans,2.6 Mt soybeans/yr; nearly 2 Mt meal/yr after USD 100 m second line (Dec 2025); target 30% of domestic soybean meal,n/a,,active (checked 2026-09-23),VCO-16,VN-direct,Medium,Feed-grade only as far as known. The obvious local source of defatted soy for TVP if a food-grade line were added.,wave 2 VERIFY-CO (new),"2026-09-23 (wave 2, VERIFY-CO)","[wave 2 VERIFY-CO] New row from companies_new.csv. || [wave 2 VERIFY-CO, VCO-16, Medium] plant_location / capacity: was ""VAL Phu My 2.6 Mt/yr (formulation wave, press)""; wave 2: ""Confirmed: legal name Cong ty TNHH Kinh doanh nong san Viet Nam; Phu My 1 Industrial Park, Phu My ward, HCMC (former Ba Ria-Vung Tau); 2.6 Mt soybeans/yr and nearly 2 Mt soybean meal/yr after a USD 100 m second line (Dec 2025); target 30% of domestic soybean meal market"" (already in row). Press report of company figures. No food-grade or protein-isolate line mentioned. Ownership split not stated.",Ho Chi Minh City,Ba Ria-Vung Tau
CO-092,De Heus Vietnam (Royal De Heus; incl. former CJ Feed & Care Vietnam),Cong ty TNHH De Heus,other,Ho Chi Minh City (office; not verified),"21 plants nationwide (14 livestock, 6 aqua, 1 premix), incl. Vinh Long, Hai Phong, Nghe An, Can Tho (former Hau Giang), Phu Tho (former Vinh Phuc) branches; Vinh Long marine and cold-water fish feed mill 168,000 t/yr (Jul 2026); aqua R&D facility Vinh Long (Jul 2024)",2009 in VN (company); 18+ years claimed,Netherlands,multinational,"Livestock feed, aquafeed, premix","Soybean meal, fishmeal (typical)","21 plants (2026 site); acquired CJ Feed & Care (5 countries, 17 mills total) announced 1 Oct 2025, completed 3 Mar 2026 | 21 plants nationwide: 14 livestock feed, 6 aquafeed, 1 premix (company Vietnam site, Sept 2026) | 168,000 t/yr (De Heus global release, 22 Jul 2026); first De Heus mill dedicated to marine and cold-water fish (sea bass, barramundi); ISO 22000, ASC Feed, BAP",n/a,deheus.com.vn,active (checked 2026-09-23),VCO-07; VCO-08; VCO-09; VCO-10; VCO-11,VN-direct,Medium,"Largest feed buyer to target for novel feed proteins. ASC Feed certification for pangasius and tilapia feeds (Aug 2026). Branch-to-province mapping by VERIFY-CO. | Royal De Heus announced acquisition of CJ Feed & Care on 1 Oct 2025 and completed it on 3 Mar 2026. Scope: Vietnam, Indonesia, Cambodia, South Korea and the Philippines; 17 feed mills in total across all five countries plus livestock operations. Price not disclosed.",wave 2 VERIFY-CO (new),"2026-09-23 (wave 2, VERIFY-CO)","[wave 2 VERIFY-CO] New row from companies_new.csv. || [wave 2 VERIFY-CO, VCO-07; VCO-08, High] ownership: was ""'De Heus reportedly took over CJ's feed plants in early 2026' / 'De Heus has 17 plants from buying CJ Feed & Care' (unverified)""; wave 2: ""Royal De Heus announced acquisition of CJ Feed & Care on 1 Oct 2025 and completed it on 3 Mar 2026. Scope: Vietnam, Indonesia, Cambodia, South Korea and the Philippines; 17 feed mills in total across all five countries plus livestock operations. Price not disclosed."" (appended to notes). Correction: 17 mills is the five-country total, not Vietnam. Vietnam mill count within the deal not disclosed. || [wave 2 VERIFY-CO, VCO-09, Medium] scale_indicators (plant count): was ""23 facilities (2023); about 4 Mt/yr claimed""; wave 2: ""21 plants nationwide: 14 livestock feed, 6 aquafeed, 1 premix (company Vietnam site, Sept 2026)"" (appended to scale_indicators). Unclear whether the 21 include former CJ Vietnam mills. If they do, some sites were closed or merged. Ask De Heus. || [wave 2 VERIFY-CO, VCO-10, Medium] capacity: was ""84,000 t/yr (July 2026)""; wave 2: ""168,000 t/yr (De Heus global release, 22 Jul 2026); first De Heus mill dedicated to marine and cold-water fish (sea bass, barramundi); ISO 22000, ASC Feed, BAP"" (appended to scale_indicators). Conflict with wave-1 84,000 t/yr (trade press). 84,000 may be phase 1 or a different basis. Use 168,000 t/yr as company-stated design capacity.",Ho Chi Minh City,
CO-093,Skretting Vietnam (Nutreco),Skretting Viet Nam,other,Ho Chi Minh City,"Office Alpha Tower, Xuan Hoa ward, HCMC; plant sites not stated",not verified,"Netherlands (Nutreco, SHV)",multinational,"Shrimp and fish feed (Jade+, LifeStart)",Includes Entobel H-Meal insect protein in commercial shrimp feed since Nov 2025,"About 100,000 t/yr supplied (wave-1 trade press, unverified)",n/a,skretting.com/vi-vn,active (checked 2026-09-23),VCO-27; VCO-28,VN-direct,Medium,"First commercial insect-meal shrimp feed in Vietnam (company claim, Nov 2025).",wave 2 VERIFY-CO (new),"2026-09-23 (wave 2, VERIFY-CO)","[wave 2 VERIFY-CO] New row from companies_new.csv. || [wave 2 VERIFY-CO, VCO-27, Medium] plant_location: was ""Not stated; about 100,000 t/yr supplied""; wave 2: ""Office: Alpha Tower, 151-153 Nguyen Dinh Chieu, Xuan Hoa ward, HCMC. Plant locations and capacity not given on site. 2026 launches: Jade+ shrimp feed (23 Apr 2026), LifeStart catfish fry feed (16 Apr 2026)"" (already in row). Parent: Nutreco. Nutreco Vietnam CEO Duco Onnes (Nov 2025).",Ho Chi Minh City,
CO-094,Uni-President Vietnam,Cong ty TNHH Uni-President Viet Nam,other,Ho Chi Minh City (former Binh Duong),"Song Than 2 IZ, HCMC (former Binh Duong); Dong Thap (former Tien Giang); Khanh Hoa (former Ninh Thuan); Da Nang (former Quang Nam)",1999,Taiwan,multinational,"Aquafeed, livestock feed, wheat flour, instant noodles, beverages","Soybean meal, fishmeal, wheat (typical)",Top-six shrimp feed maker (wave 1); capacities not published,n/a,uni-president.com.vn,active (checked 2026-09-23),VCO-29,VN-direct,Medium,Also a flour miller: a possible wheat-gluten-adjacent actor (not verified).,wave 2 VERIFY-CO (new),"2026-09-23 (wave 2, VERIFY-CO)","[wave 2 VERIFY-CO] New row from companies_new.csv. || [wave 2 VERIFY-CO, VCO-29, Medium] plant_location: was ""Not stated""; wave 2: ""Founded 1999 in Binh Duong. Sites: Song Than 2 Industrial Zone (HCMC, former Binh Duong; HQ), Dong Thap (former Tien Giang), Khanh Hoa (former Ninh Thuan), Da Nang (former Quang Nam). Lines: aquafeed, livestock feed, wheat flour, instant noodles, beverages"" (already in row). Site does not say which site makes aquafeed or give capacities. Province mapping by VERIFY-CO (2025 merger).",Ho Chi Minh City,Binh Duong
CO-095,Grobest Vietnam,Grobest Viet Nam,other,"Dong Nai (wave 1, not re-verified)",2 plants in Dong Nai (wave-1 trade press),"1974 (group, Taiwan)",Taiwan,multinational,Shrimp feed,"Fishmeal, soybean meal (typical)","Group about 3,000 staff in 8 countries",n/a,grobest.com,"active (checked 2026-09-23) | Grobest (founded Taiwan 1974, about 3,000 staff) lists Vietnam among 8 operating countries; released 2024 Sustainability Report on 30 Mar 2026; no Vietnam plant data on site",VCO-30,VN-adjacent,Low,Top-six shrimp feed maker (wave 1).,wave 2 VERIFY-CO (new),"2026-09-23 (wave 2, VERIFY-CO)","[wave 2 VERIFY-CO] New row from companies_new.csv. || [wave 2 VERIFY-CO, VCO-30, Low] status: was ""2 plants in Dong Nai (trade press)""; wave 2: ""Grobest (founded Taiwan 1974, about 3,000 staff) lists Vietnam among 8 operating countries; released 2024 Sustainability Report on 30 Mar 2026; no Vietnam plant data on site"" (appended to status). Plant locations remain from wave-1 trade press.",Dong Nai,
CO-096,Nestle Harvest Gourmet (brand),,plant-based meat,n/a (Switzerland),,,Switzerland,,,,,,,harvestgourmet.com redirects to a domain-for-sale page (23 Sep 2026). No evidence of Vietnam sale found,VCO-25,general,Low,Suggests the brand's web presence has lapsed; not proof of discontinuation. Nestle Vietnam brand page returned 404.,wave 2 VERIFY-CO (update row with no wave 1 entry),"2026-09-23 (wave 2, VERIFY-CO)",[wave 2 VERIFY-CO] Added from companies_update.csv; no wave 1 or companies_new row existed.,,
CO-097,Thai Duong Feed JSC,Cong ty Co phan Thuc an chan nuoi Thai Duong,feed SCP/yeast,unknown (VN),not recorded,unknown,Vietnam,feed mill (SME or mid-size; not verified),Yeast protein (more than 46% protein) made from cereals and molasses to replace soybean meal (national project 2016 to 2019),Cereals; molasses,120 t of liquid product in the project; production line costing VND 167 billion,National science and technology project (2016 to 2019),,line status unknown (Sep 2026),HSC-06; HSC-07,VN-direct,Medium,The only Vietnamese precedent for industrial single-cell feed protein found; linked to a 2019 US patent application (Low). Found in the v0.2 horizon scan.,"v0.2 (futures round, HSC)","2026-09-24 (v0.2, HSC)",[v0.2] New row.,,
