process,product,scale,metric,value,unit,year_of_cost_basis,plant_grade,source_citation,doi_or_url,fulltext_read,source_ids,evidence_label,confidence,notes
Continuous airlift fermentation (F. venenatum),"Mycoprotein (wet, ~27% solids)","2,000 kg/h wet (about 17,500 t/yr wet, 4,700 t/yr dry); 2 x 155 m3 airlift",MSP (minimum production cost),3.55,USD/kg wet mycoprotein,"2022 (US, labour USD 20/h)",food,"Risner, McDonald & Jones (2023). A techno-economic model of mycoprotein production: achieving price parity with beef protein. Frontiers in Sustainable Food Systems 7:1204307",https://doi.org/10.3389/fsufs.2023.1204307,Y (core sections),COST-43,general,High,"Processed Quorn-like product 4.03 USD/kg. Model runs 24 h x 365 d; excludes land, working capital, start-up."
Continuous airlift fermentation (F. venenatum),Mycoprotein,same,MSP per kg protein,29.56,USD/kg protein,2022,food,"Risner, McDonald & Jones (2023). A techno-economic model of mycoprotein production: achieving price parity with beef protein. Frontiers in Sustainable Food Systems 7:1204307",https://doi.org/10.3389/fsufs.2023.1204307,Y,COST-43,general,High,At 11-12% protein wet basis. Authors compare with choice beef about 29.95 USD/kg protein and chicken about 9.64; conclude mycoprotein cannot compete with chicken or offal.
Continuous airlift fermentation (F. venenatum),Mycoprotein,same,Total capital cost (before financing),108,USD million,2022,food,"Risner, McDonald & Jones (2023). A techno-economic model of mycoprotein production: achieving price parity with beef protein. Frontiers in Sustainable Food Systems 7:1204307",https://doi.org/10.3389/fsufs.2023.1204307,Y,COST-43,general,High,"Main airlift reactors 66.7% of capex; one 155 m3 304-SS reactor about USD 42 M, second about USD 29 M; RNA-reduction vessels 18 M, centrifuges 13 M, vacuum chillers 4 M. Derived: about USD 6,200 per annual t wet or about USD 22,800 per annual t dry; about USD 350,000 per m3 of working volume (total capex / 310 m3)."
Continuous airlift fermentation (F. venenatum),Processed Quorn-like product,downstream texturing plant,Capex (texturing only),13.8,USD million,2022,food,"Risner, McDonald & Jones (2023). A techno-economic model of mycoprotein production: achieving price parity with beef protein. Frontiers in Sustainable Food Systems 7:1204307",https://doi.org/10.3389/fsufs.2023.1204307,Y,COST-43,general,High,Chiller over 44% of texturing capex; freezer ageing about 2 weeks.
Quorn commercial reference (disclosure cited in TEA),Mycoprotein,155 m3 airlift reactor,Output per reactor,2,t/h wet mycoprotein,2019 disclosure,food,"Derbyshire & Ayoob (2019), cited in Risner et al. (2023)",https://doi.org/10.3389/fsufs.2023.1204307,N (primary disclosure not read),COST-43,general,Medium,"Company-derived number via peer-reviewed TEA. Continuous runs of about 1,000 h at 10-15 g/L biomass."
"Aerobic airlift (historical, ICI Pruteen)",Bacterial SCP for feed,"1,500 m3 airlift, 1979-1987",Scale reference,1500,m3,1980s,feed,Humbird (2020) cited in Risner et al. (2023),https://doi.org/10.3389/fsufs.2023.1204307,N (secondary),COST-43,general,Medium,Sold at about double soy protein price in 1983; decommissioned 1987. Cautionary benchmark for feed SCP.
Gas-to-acetate + aerobic acetate-to-SCP (C. necator),SCP for feed from steel-mill off-gas,"20,000 t/yr SCP; 11 x 432 m3 airlift + 5 x 299 m3 CSTR",Unit production cost,4.15,USD/kg SCP,about 2022-2023 (SuperPro),feed,Vlaeminck E. et al. (2023). Single-Cell Protein Production from Industrial Off-Gas through Acetate: Techno-Economic Analysis for a Coupled Fermentation Approach. Fermentation 9(8):771,https://doi.org/10.3390/fermentation9080771,Partial (key excerpts),COST-44,general,High,Intensified case 2.78 USD/kg. Facility-dependent costs 58% of cost; utilities 18%.
Gas-to-acetate + aerobic acetate-to-SCP (C. necator),SCP for feed,"20,000 t/yr",Capital investment,320,USD million,about 2022-2023,feed,Vlaeminck E. et al. (2023). Single-Cell Protein Production from Industrial Off-Gas through Acetate: Techno-Economic Analysis for a Coupled Fermentation Approach. Fermentation 9(8):771,https://doi.org/10.3390/fermentation9080771,Partial,COST-44,general,High,"Derived: USD 16,000 per annual t; about USD 51,000 per m3 of total reactor volume (6,247 m3)."
"H2/CO2 gas fermentation (wind electrolysis, ethanol-plant CO2)",SCP for feed (fishmeal/SBM replacement),not stated in abstract,MSP,2070,USD/t SCP,about 2023 (US),feed,Jean A.B. & Brown R.C. (2024). Techno-Economic Analysis of Gas Fermentation for the Production of Single Cell Protein. Environmental Science & Technology,https://doi.org/10.1021/acs.est.3c10312,N (abstract only),COST-45,general,Medium,Carbon intensity 0.73 kg CO2e/kg protein vs fishmeal 2.72 and SBM 0.85 (abstract).
H2-oxidising bacteria on renewable electricity (e-SCP),Protein (e-protein) for food/feed,benchmark plant 16.42 kt SCP/yr (10x = 164.2 kt),"Protein production cost, optimal sites",5.5 to 6.1 (2028); 4.0 to 4.5 (2030); 2.1 to 2.3 (2050),EUR/kg protein,2028-2050 projections,food/feed,Fasihi M. et al. (2025). Global potential of sustainable single-cell protein based on variable renewable electricity. Nature Communications 16,https://doi.org/10.1038/s41467-025-56364-1,Partial (abstract + excerpts),COST-46,general,High,Modelled global map at 0.45 deg resolution; PV dominates in Asia. Vietnamese site values not extracted.
Solar Foods Factory 01 (H2-oxidising bacteria),Solein,"commercial demonstration, Vantaa, Finland",Maximum capacity,160,t Solein/yr,production started spring 2024,food,Solar Foods investor pages and Half-year Report H1 2026 (11 Aug 2026),https://investors.solarfoods.com/,N/A (company report read via summary),COST-53,general,Medium,Company claim. Factory 01 capex not disclosed in pages read. H1 2026 revenue EUR 0.1 M.
Solar Foods Factory 02 (planned),Solein,commercial plant; capacity not stated in H1 2026 report,"Public funding committed (Business Finland, IPCEI)",77.8,EUR million (39.6 grant + 38.1 R&D loan),2026,food,Solar Foods Half-year Report H1 2026,https://investors.solarfoods.com/files/documents/solar-foods-half-year-report-2026.pdf,N/A (company report),COST-53,general,Medium,Final investment decision intended in 2026. Total capex not disclosed.
Calysta/Calysseo methanotroph SCP,FeedKind protein (feed),"Chongqing, China",Nameplate capacity,20000,t/yr,2022 onward,feed,"Wikipedia ""Calysta"" citing SeafoodSource (2022)",https://en.wikipedia.org/wiki/Calysta,N (tertiary),COST-55,VN-adjacent,Low,Capex not found. Teesside market entry facility (2016) reportedly GBP 30 M total investment (tertiary). Closest operating feed-SCP plant to Vietnam.
Precision fermentation CMO (Liberation Bioindustries),"Recombinant food proteins (e.g., beta-lactoglobulin)","Richmond, Indiana",Fermentation volume,600,"m3 (600,000 L)",operations 2026,food,"Liberation press releases, GlobeNewswire 2 Jun 2025 and 15 Jan 2026",https://www.globenewswire.com/news-release/2025/06/02/3091930/0/en/Liberation-Labs-is-Now-Liberation-Bioindustries.html,N/A (press release),COST-54,general,Medium,Capex not disclosed in releases read; >50% of capacity contracted or in negotiation (Jan 2026).
"Animal cell culture, fed-batch (conceptual)",Cultured meat (wet cell mass),24 x 20 m3; 6.8 kt/yr wet cell mass,Cost of production,37,USD/kg wet cell mass,about 2020 (US),food (bio-pharma-like hygiene),Humbird D. (2021). Scale-up economics for cultured meat. Biotechnology and Bioengineering 118(8):3239-3250,https://doi.org/10.1002/bit.27848,Partial (excerpts),COST-47,general,High,"Amino acids about USD 19/kg; growth factors about USD 3/kg; capital charge factor 15%/yr (7.5%, 10 yr). Could fall below USD 25/kg with hydrolysate media."
"Animal cell culture, perfusion (conceptual)",Cultured meat (wet cell mass),6.9 kt/yr wet,Total capital investment,663,USD million,about 2020,food (bio-pharma-like),Humbird D. (2021). Scale-up economics for cultured meat. Biotechnology and Bioengineering 118(8):3239-3250,https://doi.org/10.1002/bit.27848,Partial,COST-47,general,High,"Capital charge about USD 23/kg; COP USD 51/kg; 132 FTE. Derived about USD 96,000 per annual t wet."
Animal cell culture (industry-scale TEA),Cultivated meat,540 t/yr,Cost of production,63,USD/kg,about 2022,food,"Garrison et al. (2022), as cited in Kim et al. (2026) Food Science & Nutrition review",https://doi.org/10.1002/fsn3.71725,N (secondary citation),COST-49,general,Low,Primary not read.
"Animal cell culture (SuperPro, three reactor sizes)",Cultivated beef,"~42,000 L and larger reactors; industry 100 kt/yr",COGS by reactor scale,not extracted,USD/kg,2022-2023,food,Negulescu P.G. et al. (2023). Techno-economic modeling and assessment of cultivated meat: Impact of production bioreactor scale. Biotechnology and Bioengineering 120(4):1055-1067,https://doi.org/10.1002/bit.28324,N (abstract truncated; PubMed/EuropePMC fetch rate-limited),COST-48,general,Low,Values not verified; do not quote until read.
Aerobic fermentation heat release (rule),Any aerobic biomass,engineering rule,Heat per mol O2 consumed,460,kJ/mol O2,n/a,any,"Roels (1983), cited in Almeida Benalcazar et al. (2025) Biotechnology and Bioengineering 122(6):1441-1460",https://doi.org/10.1002/bit.28969,Partial (excerpts),COST-50,general,High,About 12-18 MJ per kg dry biomass at 0.8-1.25 kg O2 per kg.
Utility cost ratio (rule),Any,engineering rule,Cooling water vs chilled water cost per unit heat,4 to 8 times cheaper,ratio,2013 textbook,any,"Towler & Sinnott (2013), cited in Almeida Benalcazar et al. (2025)",https://doi.org/10.1002/bit.28969,Partial,COST-50,general,Medium,"Same paper: 600 m3 bubble column on ethanol with pure O2 could make up to 58 kt/yr SCP (model); at 30 C broth needs chilled water, at 45 C cooling water suffices."
Chilled-water utility (NREL design case),Aerobic bioconversion,biorefinery design case,Chiller compressor power,0.56,kW per ton of refrigeration,2018,industrial,Davis R. et al. (2018). NREL 2018 Biochemical Design Case Update. OSTI 1483234,https://doi.org/10.2172/1483234,Partial (excerpts),COST-51,general,High,"Temperate design (cooling tower 37 to 28 C). Aerobic reactors practical at 500-1,000 m3. Tropical condenser water raises kW/TR; see notes."
Baker yeast plant heat duty (measured/simulated),Baker yeast,"7 x 150 m3 bubble columns, Germany",Average heat removed,11,MW,2018,food,Lisicar Vukusic J. et al. (2018). Turning industrial aerobic fermentation plants into thermal power stations. Int. J. Energy Research 43(1):544-551,https://doi.org/10.1002/er.4299,Partial (excerpts),COST-52,general,High,"About 10.5 kW per m3 of reactor; cooling water leaves at about 25 C in Germany. In Vietnam, tower water is 31-33 C, so the same duty needs chilled water for a 30 C broth."
"Plant-based meat by freeze alignment (TEA, Thailand)",Plant-based meat analogue,not read,MSP,not extracted,USD/kg,2023,food,Jarunglumlert T. et al. (2023). Techno-economic assessment of plant-based meat analogue produced by the freeze alignment technique. Future Foods 8:100269,https://doi.org/10.1016/j.fufo.2023.100269,N (no text available),COST-56,VN-adjacent,Low,Lead: only SE Asian plant-protein TEA found. Read next wave.
Precision fermentation food protein TEA (peer-reviewed),"e.g., whey/egg proteins",n/a,MSP; DSP share,not found,USD/kg,n/a,food,No peer-reviewed PF food-protein TEA verified in this wave,n/a,N,,general,Low,Gap. Candidates: GFI precision-fermentation cost analyses; Synonym (now Roebling) capacity reports; academic TEAs of Trichoderma/Pichia proteins.
Plant protein isolate and high-moisture extrusion plants,Pea/soy isolate; HME meat analogue,n/a,Capex; opex,not found,USD,n/a,food,No verified capex/opex benchmark found in this wave,n/a,N,,general,Low,"Gap. Candidates: equipment supplier quotes (Buhler, Clextral, Coperion, Famsun), GFI plant-protein primer, Canadian/EU pea plant announcements."
