record_id,study,country,fieldwork_year,item_type,item,question_wording,value,unit,rank_in_country,base_n,base_description,comparison_value,comparison_label,vn_minus_comparison_pp,source_ids,evidence_label,confidence,demand_evidence_type,notes
BAR-01,"GFI APAC and Good Growth, Decoding demand",Vietnam,2023,barrier (factor to eat more),More affordable,What would make you eat more plant-based meat? (rank up to 3),38,% of respondents ranking in top 3,1,1049 (subset),"Vietnam respondents except those who said they would not eat any or were unlikely to try (six-country base n=5,693)",47,six-country average,-9,CON-02,VN-direct,Medium,stated,Vietnam lowest of six (range 38 to 54)
BAR-02,"GFI APAC and Good Growth, Decoding demand",Vietnam,2023,barrier (factor to eat more),More nutritious,What would make you eat more plant-based meat? (rank up to 3),36,% of respondents ranking in top 3,2,1049 (subset),"Vietnam respondents except those who said they would not eat any or were unlikely to try (six-country base n=5,693)",41,six-country average,-5,CON-02,VN-direct,Medium,stated,range 30 to 49
BAR-03,"GFI APAC and Good Growth, Decoding demand",Vietnam,2023,barrier (factor to eat more),More available when shopping,What would make you eat more plant-based meat? (rank up to 3),31,% of respondents ranking in top 3,3,1049 (subset),"Vietnam respondents except those who said they would not eat any or were unlikely to try (six-country base n=5,693)",27,six-country average,4,CON-02,VN-direct,Medium,stated,Vietnam top-3 barrier; range 22 to 32
BAR-04,"GFI APAC and Good Growth, Decoding demand",Vietnam,2023,barrier (factor to eat more),Tasted better,What would make you eat more plant-based meat? (rank up to 3),30,% of respondents ranking in top 3,4,1049 (subset),"Vietnam respondents except those who said they would not eat any or were unlikely to try (six-country base n=5,693)",34,six-country average,-4,CON-02,VN-direct,Medium,stated,range 29 to 40
BAR-05,"GFI APAC and Good Growth, Decoding demand",Vietnam,2023,barrier (factor to eat more),More variety,What would make you eat more plant-based meat? (rank up to 3),29,% of respondents ranking in top 3,5,1049 (subset),"Vietnam respondents except those who said they would not eat any or were unlikely to try (six-country base n=5,693)",23,six-country average,6,CON-02,VN-direct,Medium,stated,range 16 to 31
BAR-06,"GFI APAC and Good Growth, Decoding demand",Vietnam,2023,barrier (factor to eat more),Contained fewer additives,What would make you eat more plant-based meat? (rank up to 3),27,% of respondents ranking in top 3,6,1049 (subset),"Vietnam respondents except those who said they would not eat any or were unlikely to try (six-country base n=5,693)",21,six-country average,6,CON-02,VN-direct,Medium,stated,Vietnam highest of six (range 17 to 27)
BAR-07,"GFI APAC and Good Growth, Decoding demand",Vietnam,2023,barrier (factor to eat more),Tasted more like meat,What would make you eat more plant-based meat? (rank up to 3),23,% of respondents ranking in top 3,7,1049 (subset),"Vietnam respondents except those who said they would not eat any or were unlikely to try (six-country base n=5,693)",28,six-country average,-5,CON-02,VN-direct,Medium,stated,Vietnam lowest of six (range 23 to 29)
BAR-08,"GFI APAC and Good Growth, Decoding demand",Vietnam,2023,barrier (factor to eat more),More available when eating out,What would make you eat more plant-based meat? (rank up to 3),22,% of respondents ranking in top 3,8,1049 (subset),"Vietnam respondents except those who said they would not eat any or were unlikely to try (six-country base n=5,693)",21,six-country average,1,CON-02,VN-direct,Medium,stated,tie
BAR-09,"GFI APAC and Good Growth, Decoding demand",Vietnam,2023,barrier (factor to eat more),Knew how to cook it better,What would make you eat more plant-based meat? (rank up to 3),22,% of respondents ranking in top 3,8,1049 (subset),"Vietnam respondents except those who said they would not eat any or were unlikely to try (six-country base n=5,693)",16,six-country average,6,CON-02,VN-direct,Medium,stated,Vietnam highest of six (range 11 to 22); tie
BAR-10,"GFI APAC and Good Growth, Decoding demand",Vietnam,2023,barrier (factor to eat more),Less processed,What would make you eat more plant-based meat? (rank up to 3),16,% of respondents ranking in top 3,10,1049 (subset),"Vietnam respondents except those who said they would not eat any or were unlikely to try (six-country base n=5,693)",19,six-country average,-3,CON-02,VN-direct,Medium,stated,range 13 to 25
BAR-11,"GFI APAC and Good Growth, Decoding demand",Vietnam,2023,barrier (factor to eat more),Lower in sodium,What would make you eat more plant-based meat? (rank up to 3),15,% of respondents ranking in top 3,11,1049 (subset),"Vietnam respondents except those who said they would not eat any or were unlikely to try (six-country base n=5,693)",14,six-country average,1,CON-02,VN-direct,Medium,stated,range 11 to 19
BAR-12,"GFI APAC and Good Growth, Decoding demand",Vietnam,2023,behaviour intention,Intend to reduce meat consumption,Weighted average of total responses for consumers who intend to reduce meat,15,% of respondents,,1049,Vietnam sample,21,six-country average (range 15 to 26),-6,CON-02,VN-direct,Medium,stated,Lowest of six countries
BAR-13,"GFI APAC and Good Growth, Decoding demand",Vietnam,2023,driver (openness),Very interested in trying a meat and plant-based blend,How interested are you in trying a type of meat that has mixed both animal and plant-based meat in it?,55,% of respondents,,1049,Vietnam sample,49,six-country average,6,CON-02,VN-direct,Medium,stated,"Indonesia 64%, Thailand 61%, Philippines 58% very interested; Singapore 26%"
BAR-14,"GFI APAC and Good Growth, Decoding demand",Vietnam,2023,driver (openness),Slightly interested,How interested are you in trying a type of meat that has mixed both animal and plant-based meat in it?,40,% of respondents,,1049,Vietnam sample,44,six-country average,-4,CON-02,VN-direct,Medium,stated,"Indonesia 64%, Thailand 61%, Philippines 58% very interested; Singapore 26%"
BAR-15,"GFI APAC and Good Growth, Decoding demand",Vietnam,2023,driver (openness),Not interested,How interested are you in trying a type of meat that has mixed both animal and plant-based meat in it?,5,% of respondents,,1049,Vietnam sample,7,six-country average,-2,CON-02,VN-direct,Medium,stated,"Indonesia 64%, Thailand 61%, Philippines 58% very interested; Singapore 26%"
BAR-16,"GFI APAC and Good Growth, Decoding demand",Six-country average (no Vietnam split published),2023,association,Healthy,Check all the statements that you think apply to plant-based meat,65,% of respondents,,5971,"All respondents, six countries",,,,CON-02; ECO-23,VN-adjacent,Medium,stated,Regional rank 1. Transfer assumption: Vietnam close to average; not verified
BAR-17,"GFI APAC and Good Growth, Decoding demand",Six-country average (no Vietnam split published),2023,association,Easy to digest,Check all the statements that you think apply to plant-based meat,44,% of respondents,,5971,"All respondents, six countries",,,,CON-02; ECO-23,VN-adjacent,Medium,stated,Regional rank 2. Transfer assumption: Vietnam close to average; not verified
BAR-18,"GFI APAC and Good Growth, Decoding demand",Six-country average (no Vietnam split published),2023,association,Tastes good,Check all the statements that you think apply to plant-based meat,38,% of respondents,,5971,"All respondents, six countries",,,,CON-02; ECO-23,VN-adjacent,Medium,stated,Regional rank 3. Transfer assumption: Vietnam close to average; not verified
BAR-19,"GFI APAC and Good Growth, Decoding demand",Six-country average (no Vietnam split published),2023,association,High in protein,Check all the statements that you think apply to plant-based meat,33,% of respondents,,5971,"All respondents, six countries",,,,CON-02; ECO-23,VN-adjacent,Medium,stated,Regional rank 4. Transfer assumption: Vietnam close to average; not verified
BAR-20,"GFI APAC and Good Growth, Decoding demand",Six-country average (no Vietnam split published),2023,association,Low in cholesterol,Check all the statements that you think apply to plant-based meat,31,% of respondents,,5971,"All respondents, six countries",,,,CON-02; ECO-23,VN-adjacent,Medium,stated,Regional rank 5. Transfer assumption: Vietnam close to average; not verified
BAR-21,"GFI APAC and Good Growth, Decoding demand",Six-country average (no Vietnam split published),2023,association,Hygienic,Check all the statements that you think apply to plant-based meat,29,% of respondents,,5971,"All respondents, six countries",,,,CON-02; ECO-23,VN-adjacent,Medium,stated,Regional rank 6. Transfer assumption: Vietnam close to average; not verified
BAR-22,"GFI APAC and Good Growth, Decoding demand",Six-country average (no Vietnam split published),2023,association,Natural or no additives,Check all the statements that you think apply to plant-based meat,22,% of respondents,,5971,"All respondents, six countries",,,,CON-02; ECO-23,VN-adjacent,Medium,stated,Regional rank 7. Transfer assumption: Vietnam close to average; not verified
BAR-23,"GFI APAC and Good Growth, Decoding demand",Six-country average (no Vietnam split published),2023,association,Is overly processed,Check all the statements that you think apply to plant-based meat,19,% of respondents,,5971,"All respondents, six countries",,,,CON-02; ECO-23,VN-adjacent,Medium,stated,Regional rank 8. Transfer assumption: Vietnam close to average; not verified
BAR-24,"GFI APAC and Good Growth, Decoding demand",Six-country average (no Vietnam split published),2023,association,May have bad chemicals or additives,Check all the statements that you think apply to plant-based meat,16,% of respondents,,5971,"All respondents, six countries",,,,CON-02; ECO-23,VN-adjacent,Medium,stated,Regional rank 9. Transfer assumption: Vietnam close to average; not verified
BAR-25,"GFI APAC and Good Growth, Decoding demand",Six-country average (no Vietnam split published),2023,association,Low in protein,Check all the statements that you think apply to plant-based meat,11,% of respondents,,5971,"All respondents, six countries",,,,CON-02; ECO-23,VN-adjacent,Medium,stated,Regional rank 10. Transfer assumption: Vietnam close to average; not verified
BAR-26,"GFI APAC and Good Growth, Decoding demand",Six-country average (no Vietnam split published),2023,association,High in sodium,Check all the statements that you think apply to plant-based meat,11,% of respondents,,5971,"All respondents, six countries",,,,CON-02; ECO-23,VN-adjacent,Medium,stated,Regional rank 11. Transfer assumption: Vietnam close to average; not verified
BAR-27,"GFI APAC and Good Growth, Decoding demand",Six-country average (no Vietnam split published),2023,association,May have hormones,Check all the statements that you think apply to plant-based meat,9,% of respondents,,5971,"All respondents, six countries",,,,CON-02; ECO-23,VN-adjacent,Medium,stated,Regional rank 12. Transfer assumption: Vietnam close to average; not verified
BAR-28,"GFI APAC and Good Growth, Decoding demand",Six-country average (no Vietnam split published),2023,association,Tastes bad,Check all the statements that you think apply to plant-based meat,8,% of respondents,,5971,"All respondents, six countries",,,,CON-02; ECO-23,VN-adjacent,Medium,stated,Regional rank 13. Transfer assumption: Vietnam close to average; not verified
BAR-29,"Rakuten Insight, Plant-based food alternatives 2025",Vietnam,2025,driver,Belief that plant-based products are healthier,Reason(s) for choosing plant-based alternatives,55,% of respondents,1,1942,Vietnam panel sample (base for each question not stated),49,12-market average 2025,6,CON-07,VN-direct,Medium,stated,"Category is all plant-based alternatives, mainly plant milk"
BAR-30,"Rakuten Insight, Plant-based food alternatives 2025",Vietnam,2025,driver,I wanted to try a food trend,Reason(s) for choosing plant-based alternatives,36,% of respondents,2,1942,Vietnam panel sample (base for each question not stated),39,12-market average 2025,-3,CON-07,VN-direct,Medium,stated,"Category is all plant-based alternatives, mainly plant milk"
BAR-31,"Rakuten Insight, Plant-based food alternatives 2025",Vietnam,2025,driver,Follow a vegetarian or vegan diet,Reason(s) for choosing plant-based alternatives,35,% of respondents,3,1942,Vietnam panel sample (base for each question not stated),,,,CON-07,VN-direct,Medium,stated,"Category is all plant-based alternatives, mainly plant milk"
BAR-32,"Rakuten Insight, Plant-based food alternatives 2025",Vietnam,2025,driver,Concerns regarding animal welfare in food production,Reason(s) for choosing plant-based alternatives,33,% of respondents,4,1942,Vietnam panel sample (base for each question not stated),30,12-market average 2025,3,CON-07,VN-direct,Medium,stated,"Category is all plant-based alternatives, mainly plant milk"
BAR-33,"Rakuten Insight, Plant-based food alternatives 2025",Vietnam,2025,driver,Plant-based products taste better,Reason(s) for choosing plant-based alternatives,31,% of respondents,5,1942,Vietnam panel sample (base for each question not stated),,,,CON-07,VN-direct,Medium,stated,"Category is all plant-based alternatives, mainly plant milk"
BAR-34,"Rakuten Insight, Plant-based food alternatives 2025",Vietnam,2025,driver,Concerns on environmental impact of livestock farming,Reason(s) for choosing plant-based alternatives,30,% of respondents,6,1942,Vietnam panel sample (base for each question not stated),,,,CON-07,VN-direct,Medium,stated,"Category is all plant-based alternatives, mainly plant milk"
BAR-35,"Rakuten Insight, Plant-based food alternatives 2025",Vietnam,2025,driver,"Food allergies, intolerance or dietary restrictions",Reason(s) for choosing plant-based alternatives,15,% of respondents,7,1942,Vietnam panel sample (base for each question not stated),,,,CON-07,VN-direct,Medium,stated,"Category is all plant-based alternatives, mainly plant milk"
BAR-36,"Rakuten Insight, Plant-based food alternatives 2025",Vietnam,2025,barrier,It is difficult to find where I live,Reason(s) for not eating plant-based alternatives,33,% of respondents,1,1942,Vietnam panel sample (base for each question not stated),31,12-market average 2025,2,CON-07,VN-direct,Medium,stated,"Category is all plant-based alternatives, mainly plant milk"
BAR-37,"Rakuten Insight, Plant-based food alternatives 2025",Vietnam,2025,barrier,Do not see the need for plant-based alternatives,Reason(s) for not eating plant-based alternatives,22,% of respondents,2,1942,Vietnam panel sample (base for each question not stated),29,12-market average 2025,-7,CON-07,VN-direct,Medium,stated,"Category is all plant-based alternatives, mainly plant milk"
BAR-38,"Rakuten Insight, Plant-based food alternatives 2025",Vietnam,2025,barrier,It costs more than the original,Reason(s) for not eating plant-based alternatives,21,% of respondents,3,1942,Vietnam panel sample (base for each question not stated),34,12-market average 2025,-13,CON-07,VN-direct,Medium,stated,"Category is all plant-based alternatives, mainly plant milk. Cost barrier in SEA peers: Singapore 51%, Malaysia 42%, Thailand 37%, Philippines 33%, Indonesia 31%"
BAR-39,"Rakuten Insight, Plant-based food alternatives 2025",Vietnam,2025,barrier,Plant-based alternatives do not taste as good as the original,Reason(s) for not eating plant-based alternatives,18,% of respondents,5,1942,Vietnam panel sample (base for each question not stated),27,12-market average 2025,-9,CON-07,VN-direct,Medium,stated,"Category is all plant-based alternatives, mainly plant milk"
BAR-40,"Rakuten Insight, Plant-based food alternatives 2025",Vietnam,2025,barrier,Not sure about the ingredients compared to the original,Reason(s) for not eating plant-based alternatives,15,% of respondents,6,1942,Vietnam panel sample (base for each question not stated),23,12-market average 2025,-8,CON-07,VN-direct,Medium,stated,"Category is all plant-based alternatives, mainly plant milk"
BAR-41,"Rakuten Insight, Plant-based food alternatives 2025",Vietnam,2025,barrier,Belief that plant-based alternatives are not as healthy or nutritious,Reason(s) for not eating plant-based alternatives,3,% of respondents,7,1942,Vietnam panel sample (base for each question not stated),7,12-market average 2025,-4,CON-07,VN-direct,Medium,stated,"Category is all plant-based alternatives, mainly plant milk"
BAR-42,"Rakuten Insight, Plant-based food alternatives: future or present?",Vietnam,2021,driver,Belief that plant-based products are healthier,Reason(s) for choosing plant-based alternatives,61,% of respondents,1,4018,Vietnam panel sample,,,,CON-06,VN-direct,Medium,stated,Same wording as 2025 wave; lets 2021 to 2025 change be read
BAR-43,"Rakuten Insight, Plant-based food alternatives: future or present?",Vietnam,2021,driver,Concerns regarding animal welfare in food production,Reason(s) for choosing plant-based alternatives,40,% of respondents,2,4018,Vietnam panel sample,,,,CON-06,VN-direct,Medium,stated,Same wording as 2025 wave; lets 2021 to 2025 change be read
BAR-44,"Rakuten Insight, Plant-based food alternatives: future or present?",Vietnam,2021,driver,Follow a vegetarian or vegan diet,Reason(s) for choosing plant-based alternatives,38,% of respondents,3,4018,Vietnam panel sample,,,,CON-06,VN-direct,Medium,stated,Same wording as 2025 wave; lets 2021 to 2025 change be read
BAR-45,"Rakuten Insight, Plant-based food alternatives: future or present?",Vietnam,2021,driver,I wanted to try a food trend,Reason(s) for choosing plant-based alternatives,36,% of respondents,4,4018,Vietnam panel sample,,,,CON-06,VN-direct,Medium,stated,Same wording as 2025 wave; lets 2021 to 2025 change be read
BAR-46,"Rakuten Insight, Plant-based food alternatives: future or present?",Vietnam,2021,driver,Concerns on environmental impact of livestock farming,Reason(s) for choosing plant-based alternatives,32,% of respondents,5,4018,Vietnam panel sample,,,,CON-06,VN-direct,Medium,stated,Same wording as 2025 wave; lets 2021 to 2025 change be read
BAR-47,"Rakuten Insight, Plant-based food alternatives: future or present?",Vietnam,2021,driver,Plant-based products taste better,Reason(s) for choosing plant-based alternatives,29,% of respondents,6,4018,Vietnam panel sample,,,,CON-06,VN-direct,Medium,stated,Same wording as 2025 wave; lets 2021 to 2025 change be read
BAR-48,"Rakuten Insight, Plant-based food alternatives: future or present?",Vietnam,2021,driver,"Food allergies, intolerance or dietary restrictions",Reason(s) for choosing plant-based alternatives,20,% of respondents,7,4018,Vietnam panel sample,,,,CON-06,VN-direct,Medium,stated,Same wording as 2025 wave; lets 2021 to 2025 change be read
BAR-49,"Rakuten Insight, Plant-based food alternatives: future or present?",Vietnam,2021,barrier,It is difficult to find where I live,Reason(s) for not eating plant-based alternatives,39,% of respondents,1,4018,Vietnam panel sample,,,,CON-06,VN-direct,Medium,stated,Same wording as 2025 wave; lets 2021 to 2025 change be read
BAR-50,"Rakuten Insight, Plant-based food alternatives: future or present?",Vietnam,2021,barrier,Plant-based alternatives do not taste as good as the original,Reason(s) for not eating plant-based alternatives,29,% of respondents,2,4018,Vietnam panel sample,,,,CON-06,VN-direct,Medium,stated,Same wording as 2025 wave; lets 2021 to 2025 change be read
BAR-51,"Rakuten Insight, Plant-based food alternatives: future or present?",Vietnam,2021,barrier,It costs more than the original,Reason(s) for not eating plant-based alternatives,24,% of respondents,3,4018,Vietnam panel sample,,,,CON-06,VN-direct,Medium,stated,Same wording as 2025 wave; lets 2021 to 2025 change be read
BAR-52,"Rakuten Insight, Plant-based food alternatives: future or present?",Vietnam,2021,barrier,Not sure about the ingredients compared to the original,Reason(s) for not eating plant-based alternatives,24,% of respondents,3,4018,Vietnam panel sample,,,,CON-06,VN-direct,Medium,stated,Same wording as 2025 wave; lets 2021 to 2025 change be read
BAR-53,"Rakuten Insight, Plant-based food alternatives: future or present?",Vietnam,2021,barrier,Do not see the need for plant-based alternatives,Reason(s) for not eating plant-based alternatives,18,% of respondents,5,4018,Vietnam panel sample,,,,CON-06,VN-direct,Medium,stated,Same wording as 2025 wave; lets 2021 to 2025 change be read
BAR-54,"Rakuten Insight, Plant-based food alternatives: future or present?",Vietnam,2021,barrier,Belief that plant-based alternatives are not as healthy or nutritious,Reason(s) for not eating plant-based alternatives,8,% of respondents,7,4018,Vietnam panel sample,,,,CON-06,VN-direct,Medium,stated,Same wording as 2025 wave; lets 2021 to 2025 change be read
BAR-55,Delley et al. 2024 (BFH and VNUA),Vietnam (urban),2022,driver (food choice importance),Is good for my health,How important is it to you that the food you eat on a typical day...,5.4,mean on 1 to 6 scale,1,590,Omnivores and flexitarians in the Vietnamese sample,4.98,Switzerland mean,0.42,CON-08,VN-direct,Medium,stated,"Difference is in scale points, not percentage points"
BAR-56,Delley et al. 2024 (BFH and VNUA),Vietnam (urban),2022,driver (food choice importance),Has a very high level of food safety,How important is it to you that the food you eat on a typical day...,5.35,mean on 1 to 6 scale,2,590,Omnivores and flexitarians in the Vietnamese sample,4.59,Switzerland mean,0.76,CON-08,VN-direct,Medium,stated,"Difference is in scale points, not percentage points"
BAR-57,Delley et al. 2024 (BFH and VNUA),Vietnam (urban),2022,driver (food choice importance),Is nutritious,How important is it to you that the food you eat on a typical day...,5.23,mean on 1 to 6 scale,3,590,Omnivores and flexitarians in the Vietnamese sample,4.69,Switzerland mean,0.54,CON-08,VN-direct,Medium,stated,"Difference is in scale points, not percentage points"
BAR-58,Delley et al. 2024 (BFH and VNUA),Vietnam (urban),2022,driver (food choice importance),Is affordable,How important is it to you that the food you eat on a typical day...,4.96,mean on 1 to 6 scale,4,590,Omnivores and flexitarians in the Vietnamese sample,3.54,Switzerland mean,1.42,CON-08,VN-direct,Medium,stated,"Difference is in scale points, not percentage points"
BAR-59,Delley et al. 2024 (BFH and VNUA),Vietnam (urban),2022,driver (food choice importance),Is in line with my culture,How important is it to you that the food you eat on a typical day...,4.39,mean on 1 to 6 scale,5,590,Omnivores and flexitarians in the Vietnamese sample,3.4,Switzerland mean,0.99,CON-08,VN-direct,Medium,stated,"Difference is in scale points, not percentage points"
BAR-60,"Good Growth, Faunalytics, MFA social listening 2025",Six SEA countries (Vietnam 73 posts),about 2024,barrier (social media mentions),"Health concerns (nutrition, protein, energy doubts)",Not applicable (coded X posts),22.8,% of barrier mentions,1,584,"Coded posts, six countries",,,,CON-05,VN-adjacent,Low,revealed,Vietnam too few barrier mentions to rank (5.5% of all barrier mentions)
BAR-61,"Good Growth, Faunalytics, MFA social listening 2025",Six SEA countries (Vietnam 73 posts),about 2024,barrier (social media mentions),Cost,Not applicable (coded X posts),16.2,% of barrier mentions,2,584,"Coded posts, six countries",,,,CON-05,VN-adjacent,Low,revealed,Vietnam too few barrier mentions to rank (5.5% of all barrier mentions)
BAR-62,"Good Growth, Faunalytics, MFA social listening 2025",Six SEA countries (Vietnam 73 posts),about 2024,barrier (social media mentions),Cultural norms and religion,Not applicable (coded X posts),12.0,% of barrier mentions,3,584,"Coded posts, six countries",,,,CON-05,VN-adjacent,Low,revealed,Vietnam too few barrier mentions to rank (5.5% of all barrier mentions)
BAR-63,"Good Growth, Faunalytics, MFA social listening 2025",Six SEA countries (Vietnam 73 posts),about 2024,barrier (social media mentions),Negative perceptions of vegans and advocates,Not applicable (coded X posts),9.6,% of barrier mentions,4,584,"Coded posts, six countries",,,,CON-05,VN-adjacent,Low,revealed,Vietnam too few barrier mentions to rank (5.5% of all barrier mentions)
BAR-64,"Good Growth, Faunalytics, MFA social listening 2025",Six SEA countries (Vietnam 73 posts),about 2024,barrier (social media mentions),Over-processing,Not applicable (coded X posts),8.4,% of barrier mentions,5,584,"Coded posts, six countries",,,,CON-05,VN-adjacent,Low,revealed,Vietnam too few barrier mentions to rank (5.5% of all barrier mentions)
BAR-65,"Good Growth, Faunalytics, MFA social listening 2025",Six SEA countries; Vietnam rank order identical,about 2024,driver (social media mentions),Health benefits,Not applicable (coded X posts),43,% of motivation mentions,1,584,"Coded posts, six countries",,,,CON-05,VN-adjacent,Low,revealed,"Vietnam ranks: health 1, animal protection 2, environment 3"
BAR-66,"Good Growth, Faunalytics, MFA social listening 2025",Six SEA countries; Vietnam rank order identical,about 2024,driver (social media mentions),Animal protection,Not applicable (coded X posts),17,% of motivation mentions,2,584,"Coded posts, six countries",,,,CON-05,VN-adjacent,Low,revealed,"Vietnam ranks: health 1, animal protection 2, environment 3"
BAR-67,"Good Growth, Faunalytics, MFA social listening 2025",Six SEA countries; Vietnam rank order identical,about 2024,driver (social media mentions),Environmental sustainability,Not applicable (coded X posts),12,% of motivation mentions,3,584,"Coded posts, six countries",,,,CON-05,VN-adjacent,Low,revealed,"Vietnam ranks: health 1, animal protection 2, environment 3"
BAR-68,"Ly and Ly 2025, Hanoi students",Vietnam (Hanoi students),2024,driver (regression),Health consciousness,Extended TPB scales,0.474,standardised beta on intention,1,246,"University students, Hanoi",,,,CON-13,VN-direct,Low,stated,Small convenience sample; environment negative
BAR-69,"Ly and Ly 2025, Hanoi students",Vietnam (Hanoi students),2024,driver (regression),Social norms,Extended TPB scales,0.35,standardised beta on intention,2,246,"University students, Hanoi",,,,CON-13,VN-direct,Low,stated,Small convenience sample; environment negative
BAR-70,"Ly and Ly 2025, Hanoi students",Vietnam (Hanoi students),2024,driver (regression),Animal welfare concern,Extended TPB scales,0.118,standardised beta on intention,3,246,"University students, Hanoi",,,,CON-13,VN-direct,Low,stated,Small convenience sample; environment negative
BAR-71,"Ly and Ly 2025, Hanoi students",Vietnam (Hanoi students),2024,driver (regression),Environmental concern,Extended TPB scales,-0.092,standardised beta on intention,4,246,"University students, Hanoi",,,,CON-13,VN-direct,Low,stated,Small convenience sample; environment negative
BAR-72,"Ly and Ly 2025, Hanoi students",Vietnam (Hanoi students),2024,driver (regression),Religious beliefs,Extended TPB scales,not significant,standardised beta on intention,,246,"University students, Hanoi",,,,CON-13,VN-direct,Low,stated,Small convenience sample; environment negative
BAR-73,"Decision Lab, healthy eating","Vietnam (major cities, Gen Y and Gen Z)",about 2021 to 2022,barrier (healthy eating in general),Lack of time to cook and prepare healthy food,Not retrieved,45,% of respondents,1,828,Gen Y and Gen Z urban online,,,,CON-18,VN-direct,Low,stated,Adjacent: not about plant-based products
BAR-74,"Decision Lab, healthy eating","Vietnam (major cities, Gen Y and Gen Z)",about 2021 to 2022,barrier (healthy eating in general),Healthy food is expensive,Not retrieved,41,% of respondents,2,828,Gen Y and Gen Z urban online,,,,CON-18,VN-direct,Low,stated,Adjacent: not about plant-based products
BAR-75,"Ha, Shakur and Pham 2019, Hanoi",Vietnam (Hanoi),about 2017,driver (food safety worry),"Strong worry about food safety (drug residues in meat, heavy metals, GMO)",Not retrieved,95,% of respondents,,not retrieved,Hanoi consumers,,,,CON-39; CON-05,VN-direct,Low,stated,Secondary figure via CON-05
BAR-76,"Chia et al. 2024, Singapore",Singapore,about 2021 to 2022,driver (WTP),Concern about drug residues in meat raises willingness to pay for alternative proteins,Not retrieved,significant positive,direction only,,1224,Singapore Multi-Ethnic Cohort adults,,,,CON-21,VN-adjacent,Medium,stated,Transfer assumption: residue fear is at least as strong in Vietnam
BAR-77,Nguyen M.Q. et al. 2024 (RD-32),"Vietnam (Hanoi and Ho Chi Minh City, 18 to 25)",about 2023 to 2024,barrier,"Flavour, safety and price were the most prominent considerations for a by-product protein bar",Not retrieved,unranked,qualitative,,179,Aware young adults in scope,,,,RD-32,VN-direct,Low,stated,
