record_id,scenario,market,tariff_line,dry_textured_soy_share_of_weight,product_value_usd_per_kg,rule_binds_on_imported_textured_soy_weight_reading,rule_binds_on_imported_textured_soy_value_reading,duty_if_origin_fails_usd_per_kg,switch_cost_domestic_minus_imported_usd_per_kg_product,cheaper_or_equal_compliance_routes,verdict_for_t1,source_ids,evidence_label,confidence,demand_evidence_type,notes
RSC-01,"Plant-protein dumpling (wheat wrapper, textured soy filling)",EU,1902.20,0.10 to 0.20,4.27 to 5.87,No: textured soy is not capped in chapter 19,No,"0.42 to 0.68 (only if the flour cap fails, not because of textured soy)",-0.14 to +0.06,Keep imported textured soy; meet the flour cap with Vietnamese rice flour or cassava starch,No customer,ORG-01; TIC-12; TIC-13; BUY-02; XBA-28; XBA-29; ORG-02,VN-direct,Medium,inferred,"Our calculation. Switch cost = dry share x (domestic full cost USD 0.76 to 1.57 per kg minus Chinese landed USD 1.29 to 1.44 per kg), i.e. share x (-0.68 to +0.28). Value reading: imported textured soy CIF USD 1.27 to 1.34 per kg against 10% of product ex-works price."
RSC-02,Plant-protein dumpling,United Kingdom,1902.20,0.10 to 0.20,4.27 to 8.44,No,No,0 (CPTPP route at 0%),-0.14 to +0.06,CPTPP change of chapter accepts imported flour and textured soy,No customer,XBA-30; ORG-03; ORG-04,VN-direct,High,inferred,"Our calculation. Switch cost = dry share x (domestic full cost USD 0.76 to 1.57 per kg minus Chinese landed USD 1.29 to 1.44 per kg), i.e. share x (-0.68 to +0.28). Value reading: imported textured soy CIF USD 1.27 to 1.34 per kg against 10% of product ex-works price."
RSC-03,Plant-protein dumpling,Japan; Canada; Australia; Korea,1902.20,0.10 to 0.20,6.09 to 7.25 (Japan and Korea CIF 2025),No,No,0 (recipe does not bind),-0.14 to +0.06,CPTPP or RCEP change of chapter,No customer,ORG-04; ORG-05; ORG-06; ORG-07; XBA-28,VN-direct,High,inferred,"Our calculation. Switch cost = dry share x (domestic full cost USD 0.76 to 1.57 per kg minus Chinese landed USD 1.29 to 1.44 per kg), i.e. share x (-0.68 to +0.28). Value reading: imported textured soy CIF USD 1.27 to 1.34 per kg against 10% of product ex-works price."
RSC-04,Chay food preparation (analogue) with imported textured soy,EU,2106.90,0.10,4.27 to 5.87,No (10% is within the tolerance),No,0,-0.07 to +0.03,None needed,No customer,ORG-01; ORG-02; TIC-12,VN-direct,Medium,inferred,"Our calculation. Switch cost = dry share x (domestic full cost USD 0.76 to 1.57 per kg minus Chinese landed USD 1.29 to 1.44 per kg), i.e. share x (-0.68 to +0.28). Value reading: imported textured soy CIF USD 1.27 to 1.34 per kg against 10% of product ex-works price. 10% dry textured soy gives about 5 to 7 g protein per 100 g."
RSC-05,Chay food preparation with imported textured soy,EU,2106.90,0.15,4.27 to 5.87,Yes,No unless the product sells below USD 2.00 per kg,0.38 to 0.53 plus agricultural component,-0.10 to +0.04,"Cut imported textured soy to 10% and add soy isolate (3504) or wheat gluten (1109), which are other headings; or rely on the value tolerance",Weak customer: only if the weight reading holds and the maker prefers textured soy to isolate or gluten,ORG-01; ORG-02; TIC-12; TIC-13; BUY-02,VN-direct,Medium,inferred,"Our calculation. Switch cost = dry share x (domestic full cost USD 0.76 to 1.57 per kg minus Chinese landed USD 1.29 to 1.44 per kg), i.e. share x (-0.68 to +0.28). Value reading: imported textured soy CIF USD 1.27 to 1.34 per kg against 10% of product ex-works price."
RSC-06,Chay food preparation with imported textured soy,EU,2106.90,0.20,4.27 to 5.87,Yes,No unless the product sells below USD 2.67 per kg,0.38 to 0.53 plus agricultural component,-0.14 to +0.06,As RSC-05,"Weak customer, as RSC-05",ORG-01; ORG-02; TIC-12; TIC-13; BUY-02,VN-direct,Medium,inferred,"Our calculation. Switch cost = dry share x (domestic full cost USD 0.76 to 1.57 per kg minus Chinese landed USD 1.29 to 1.44 per kg), i.e. share x (-0.68 to +0.28). Value reading: imported textured soy CIF USD 1.27 to 1.34 per kg against 10% of product ex-works price."
RSC-07,Chay food preparation with imported textured soy,United Kingdom,2106.90,0.15 to 0.20,4.27 to 8.44,Yes under UKVFTA,No,0.07 to 0.14 (CPTPP 1.6% fallback),-0.14 to +0.06,Claim CPTPP; or reformulate as RSC-05,No customer (at most a 1.6 point gap in 2026),ORG-03; ORG-04; XBA-30; XBA-28,VN-direct,Medium,inferred,"Our calculation. Switch cost = dry share x (domestic full cost USD 0.76 to 1.57 per kg minus Chinese landed USD 1.29 to 1.44 per kg), i.e. share x (-0.68 to +0.28). Value reading: imported textured soy CIF USD 1.27 to 1.34 per kg against 10% of product ex-works price."
RSC-08,Seasoned dry textured soy pieces made from imported textured soy,EU; United Kingdom; Japan,2106.10,1.00 (whole product),not observed,Yes under EVFTA and UKVFTA (no change of heading) and CPTPP (no change of subheading),Yes,EU 12.8%; UK 12%; Japan 10.6% on the WTO line,Domestic textured soy from soy flour would make the product originating,Make the pieces from soy isolate (3504) or domestic textured soy,Real but tiny customer: EU imports of 2106.10 from Viet Nam were USD 0.01 million (3 t) in 2025; An Nhien dry pieces already use isolate,ORG-01; XBA-28; XBA-26; EXP-41; EXP-24,VN-direct,Medium,inferred,RCEP allows RVC40 as an alternative for 2106.10.
RSC-09,Wheat-wrapper dumpling or bao with more than 20% flour from imported wheat,EU,1902.20; 1905.90,0 to 0.20,4.27 to 5.87,Not a textured soy question,Not a textured soy question,0.42 to 0.68 for 1902.20,Not costed (wrapper reformulation),"Rice flour from Vietnamese rice and cassava starch (domestic USD 0.48 to 0.51 per kg, March 2026) are originating",Not T1: a wrapper and flour question,ORG-01; ORG-12; XBA-26; FS-12; FS-11,VN-direct,Medium,inferred,"Cassava starch at VND 12,500 to 13,200 per kg (26,000 VND per USD)."
