record_id,company,company_type,vietnam_presence,commitment_type,commitment,metric,target,deadline,scope,covers_vietnam,progress_reported,apb100_tier_2026,source_ids,evidence_label,confidence,demand_evidence_type,notes
CMT-01,Accor,hotel group,"Yes: 43 hotels (10,662 keys) operating in October 2024; Mercure Nha Trang (124 rooms) due late 2025",plant-based menu,50% vegetarian or plant-based dishes in menus,"share of dishes, averaged over the hotel's whole food offer",50%; France at least 20% by 2027; Novotel 25% by 2026,2030,"all hotels, managed and franchised, all brands",yes (policy applies to all hotels),By November 2024: 72% of Americas hotels offered plant-based options; Novotel at 39% of hotels with at least 25% plant-based menus (ARE citing Accor in the same Americas statement; Novotel scope probably the Americas). No Asia or Vietnam figure found,not assessed (not an Asian listed company),AFN-40; AFN-41; AFN-18,VN-direct,Medium,stated,"Only quantified plant-based menu target found that binds hotels in Vietnam. Metric counts dishes, not protein weight, so it can be met with vegetable, tofu and noodle dishes."
CMT-02,Accor,hotel group,Yes (see CMT-01),cage-free eggs,"Only cage-free eggs, shell and liquid",share of eggs,100%,end 2025 (commitment made 2017),all hotels,yes,ARE (February 2026): 'not yet achieved in Asia',not assessed,AFN-40; AFN-18,VN-adjacent,Medium,revealed,Asian delivery of the group's older food commitment lags; a guide to how the plant-based target may be delivered in Asia.
CMT-03,Marriott International,hotel group,Not verified in this line,none current,"2026 to 2030 goals contain no food, plant-based or cage-free goal; animal-welfare statement gives principles only",none,none,none,global,no target to cover,none,not assessed,CPC-01; CPC-02,general,High,revealed,Clean negative on the documents linked from Marriott's current policy page.
CMT-04,IHG Hotels and Resorts,hotel group,Yes: RBR 2024 names IHG hotels in Vietnam (food drives),cage-free eggs,Cage-free eggs across the entire global estate,share of hotels aligned,100%,2025,global estate,yes,2024: global 70.3%; EAPAC 4.1% (3.6% in 2023); Greater China 0%,not assessed,CPC-03; CPC-04,VN-adjacent,High,revealed,EAPAC includes Vietnam; country figure not published.
CMT-05,IHG Hotels and Resorts (Greater China),hotel group,Vietnam not in scope,plant-based menu,30% plant-based menus (reported by Lever Foundation),share of menu,30%,2025,Greater China only,no,not found; IHG RBR 2024 has no plant-based target,not assessed,AFN-38; CPC-04,VN-adjacent,Low,stated,Shows a hotel group can set a regional plant-based target in Asia; Vietnam is outside it.
CMT-06,Hilton,hotel group,Not verified in this line,cage-free eggs,"100% cage-free shell, liquid and egg products",share of eggs,100%,end 2025,"owned, managed and franchised hotels globally",yes if present,"2025 managed hotels: Americas 93%, EMEA 96%, APAC 42%",not assessed,CPC-05,VN-adjacent,Medium,revealed,No plant-based or menu goal on the responsible sourcing page.
CMT-07,Hyatt,hotel group,Not verified in this line,not found,No commitment on the World of Care page; policy pages not reachable,n/a,n/a,n/a,n/a,unknown,n/a,not assessed,CPC-06,general,Low,revealed,"Gap, not a negative."
CMT-08,"Minor International (Minor Hotels: Anantara, Avani; Minor Food)",hotel group and restaurant operator,Yes: Vietnam listed in Minor Hotels' Asia Pacific and Indian Ocean reporting region,cage-free eggs,100% cage-free egg products for Minor Food and Minor Hotels,share of eggs,100%,2027,Minor Food and Minor Hotels,yes,2025: Minor Food 56%; Minor Hotels 24% (62% data coverage); Asia Pacific and Indian Ocean hotels 13%,Tier 3,CPC-07; AFN-18,VN-adjacent,High,revealed,"Plant-based appears only as 'integration of plant-based alternatives' and 'plant-based menu options', with no metric."
CMT-09,"Wyndham, Melia, Banyan Group, Four Seasons, Lotte Hotels, Pan Pacific, Radisson, Vinpearl",hotel groups,Not verified in this line,not checked,Not checked in this line,n/a,n/a,n/a,n/a,unknown,n/a,not in APB 100 list read,none,VN-direct,Low,revealed,Listed so the gap is visible. We judge further desk checks here to be low yield (see Next-wave candidates).
CMT-10,Sodexo,contract caterer,Not confirmed: vn.sodexo.com redirects to the Singapore site,low-carbon menu (group); plant-based menu (US),Group: 70% of main dishes labelled low-carbon (0.9 kg CO2e or less). US page: 33% of planned menu offerings plant-based,share of main dishes; share of menu offerings,70% (group); 33% (US),2030 (group); 2025 (US),group-wide; US page scope not stated,only if Sodexo operates in Vietnam,Not reported in the integrated report as a share achieved,not assessed,CPC-08; AIB-38,general,Medium,stated,"The group metric is carbon per dish, not plant share; see disagreements.csv."
CMT-11,Compass Group; Aramark,contract caterers,Not found,not checked,Vietnamese operation not found; not checked in depth,n/a,n/a,n/a,n/a,unknown,n/a,not assessed,none,general,Low,revealed,Part VI names no multinational caterer; the incumbents actor check found Dussmann and Japanese joint ventures (AIB-35).
CMT-12,Charoen Pokphand Foods (C.P. Vietnam),food manufacturer and integrator,"Yes: Vietnam 18% of CPF revenue in 2025 (THB 101.3 billion), of which food THB 8.2 billion","alternative-protein brand, no target",Meat Zero 'alternative protein products designed for flexitarian consumers',none,none,none,group,n/a,Meat Zero SKUs listed on Kamereo in Vietnam but out of stock and not orderable on 25 September 2026 (see data_b2b_competitor_prices.csv),Tier 3,AIB-19; AFN-18; AIS-25; CPC-12,VN-direct,High,revealed,"No quantified alternative-protein sales, sourcing or diversification target in the 56-1 One Report 2025. C.P. Vietnam is feed and farm heavy: food is about 8% of its Vietnamese revenue (our calculation from AIB-19)."
CMT-13,CJ CheilJedang (CJ Foods Vietnam),food manufacturer,Yes: CJ Cau Tre and bibigo made in Vietnam,plant-based sales,PlanTable plant-based sales,sales value,KRW 200 billion,2025,"named markets US, UK, Germany, Japan, China, Singapore, other Southeast Asia",no (Vietnam not named),not found,Tier 3,AIB-17; AFN-18,VN-adjacent,Medium,stated,bibigo Healthy Mandu Chay on Vietnamese shelves claims 100% plant protein (LE-25).
CMT-14,Vinamilk,"food manufacturer (dairy, plant milks)",Yes (Vietnamese),protein diversification,No timebound protein-diversification target,plant-based share of product range,none,none,company,n/a,Plant-based 1.30% of product range (up 0.05 points since FY2022); alternative-proteins score 45 of 100; FAIRR rank 34 of 60 (2024),Tier 3,AFN-21; AFN-18; AIB-01,VN-direct,High,revealed,"The only Vietnamese company in Tier 3; the tier reflects all ten themes, not protein diversification alone."
CMT-15,"Masan Group (Masan MEATLife, WinCommerce)",food manufacturer and retailer,Yes (Vietnamese),none,"No plant, chay or protein-diversification target in 2026 AGM material; diversification is into processed meat",none,none,none,group,n/a,none,Tier 4,AIB-12; AIB-11; AFN-18,VN-direct,High,revealed,
CMT-16,Vinh Hoan; Minh Phu; Nam Viet,seafood processors,Yes (Vietnamese),none found,No alternative-protein target found,none,none,none,company,n/a,none,Vinh Hoan Tier 5; Minh Phu Tier 6; Nam Viet Tier 6,AFN-18,VN-direct,Medium,revealed,"ARE publishes tiers, not company theme scores, so their protein-diversification scores are not public."
CMT-17,"AEON (AEON Vietnam, Topvalu)",retailer,"Yes: 9 malls, 30 planned by fiscal 2030",none found in Vietnam,Topvalu Vietnam page has no plant-based or welfare statement; no Topvalu chay or tofu seen online,none,none,none,Vietnam,n/a,none,Tier 3 (AEON Co.),AIB-32; AIB-33; CPC-20; AFN-18,VN-direct,Low,revealed,Group-level commitments not read (pages did not return text).
CMT-18,Lotte Shopping (Lotte Mart Vietnam),retailer,Yes: 17 stores,none found,Private-label chay spring rolls and dumplings (Choice L) on shelf; no commitment found,none,none,none,Vietnam,n/a,none,Tier 3,AIB-34; FORM-01; AFN-18,VN-direct,Low,revealed,Not checked in depth.
CMT-19,E-MART; Seven and i (7-Eleven); GS Retail (GS25); Jollibee Foods,retailers and restaurant operator,Yes: Emart store audited in Ho Chi Minh City; 7-Eleven and GS25 chains; 213 Jollibee outlets (March 2025),not checked,Group commitments not checked in this line,n/a,n/a,n/a,n/a,unknown,n/a,E-MART Tier 3; Seven and i Tier 3; GS Retail Tier 4; Jollibee Tier 4,AFN-18; FORM-01; CHN-07; CHN-06,VN-adjacent,Low,revealed,APB tiers are across ten themes.
CMT-20,"Central Retail (GO!, Tops, Lan Chi)",retailer,Yes: 43 GO! hypermarkets and others,none found,No commitment found; not in the APB 100 list,none,none,none,Vietnam,n/a,none,not listed,AIB-31; AFN-18,VN-direct,Low,revealed,Central Plaza Hotel (Centara) is Tier 3; its Vietnamese presence was not verified.
CMT-21,Saigon Co.op; Bach Hoa Xanh (MWG),retailers,Yes (Vietnamese),none found,"No plant-based, protein or welfare commitment in the AGM and press material read",none,none,none,Vietnam,n/a,none,not listed,AIB-26; AIB-27; AIB-28; AIB-29,VN-direct,Medium,revealed,
CMT-22,Nestle Vietnam,food manufacturer,Yes,regenerative sourcing and emissions (no plant-based),50% of key ingredients (incl. soybeans and meat) from regenerative farming; emissions down 50%,share of key ingredients; emissions,50%; 50%,2030,Vietnam,yes,not found,not listed (Nestle Malaysia and Nestle India Tier 4),AIB-22; AFN-18,VN-direct,Medium,stated,No plant-based or protein-diversification target.
CMT-23,Unilever,food manufacturer,Yes: Knorr products on Vietnamese shelves,exit from plant-based meat,Sold The Vegetarian Butcher to Vivera (20 March 2025),n/a,n/a,n/a,global,n/a,n/a,not listed (Hindustan Unilever Tier 4),CPC-09; CPC-19,general,High,revealed,A large incumbent judged chilled and frozen plant-based meat 'less scalable' in its foods portfolio.
CMT-24,Ajinomoto Vietnam,food manufacturer and school-menu partner,Yes,not found,"No plant-based or protein target found; runs the School Meal Project menu software (120 menus, more than 360 dishes)",n/a,n/a,n/a,n/a,n/a,n/a,not listed,AIB-24,VN-direct,Low,revealed,Not checked in depth for group targets.
CMT-25,Pizza 4P's,restaurant chain (Vietnam-founded),Yes: 33 outlets (March 2025),none found,"Sustainability pages cover waste, composting and local sourcing; no plant-based, protein or cage-free target",none,none,none,Vietnam and other markets,n/a,none,not listed,CPC-11; CHN-06,VN-direct,Medium,revealed,
CMT-26,Asia Protein Buyers 100 (aggregate of 100 listed Asian buyers),investor benchmark,Covers 5 Vietnamese companies,benchmark of commitments,Protein diversification average 7.4%; 48 of 100 offer plant-protein products; 2 of 100 publish alternative-protein sourcing targets and report volumes; none reports via the GFI and FAIRR framework,indicator scores,n/a,n/a,12 Asian markets,yes (5 companies),Tiers 1 and 2 empty; 26 companies in Tier 3,n/a,AFN-18,VN-adjacent,High,revealed,Company-level theme scores are not published in the report or on ARE's pages.
CMT-27,Lever Foundation (engagement NGO),NGO,No Vietnam programme,procurement-ratio commitments,"Country social accounts for Malaysia, Philippines, Thailand, Indonesia, Hong Kong and Taiwan, Korea; hotel work in China; July 2026 expansion of plant-based policy work to India and Thailand",n/a,n/a,n/a,Asia excluding Vietnam,no,175 or more Asian sourcing commitments (Lever claim),n/a,CPC-10; AFN-38; AFN-39,VN-adjacent,Medium,stated,The organisation that turns hotel and caterer commitments into procurement ratios in Asia does not work in Vietnam.
