scenario_year,scenario,year,r1_import_substitution,r2_chay_occasions,r3_hybrids,r4_institutions,r5_household_analogues,r6_plant_milks,r7_exports,salt_food_kt
D-DRIFT 2030,D-DRIFT,2030,0.63,0.19,0.03,0.04,0.06,0.22,0.12,11.79
D-DRIFT 2035,D-DRIFT,2035,1.92,0.38,0.07,0.12,0.11,0.4,0.25,39.28
D-DRIFT 2050,D-DRIFT,2050,6.93,0.99,0.14,0.41,0.26,1.2,0.75,144.6
D-BENCH 2030,D-BENCH,2030,3.48,0.56,0.24,0.22,0.2,0.48,0.75,11.79
D-BENCH 2035,D-BENCH,2035,11.64,1.6,0.79,0.81,0.43,1.29,2.5,39.28
D-BENCH 2050,D-BENCH,2050,44.64,3.21,2.17,2.29,1.05,5.79,7.5,144.6
D-STRETCH 2030,D-STRETCH,2030,7.64,1.22,0.88,0.74,0.59,1.06,2.0,11.79
D-STRETCH 2035,D-STRETCH,2035,25.26,3.45,2.95,2.27,1.28,2.91,7.5,39.28
D-STRETCH 2050,D-STRETCH,2050,106.84,8.32,7.59,5.72,2.63,15.41,25.0,144.6
